# Aspose.3D Wavefront OBJ Exporter
# Copyright 2004-2024 Aspose Pty Ltd.
# File created: 06/24/2024 00:27:57

mtllib material.lib
g Object_4

#
# object Object_4
#

v -0.015284587 -0.01011138 -0.16491173
v 0 -0.002914688 -0.15467939
v 0 -0.006743419 -0.33064342
v -0.015284587 -0.013614558 -0.3134267
v -0.014467599 -0.01124508 -0.1494737
v 0 -0.008530056 -0.14863831
v 0 -0.05588809 -0.18498255
v -0.015284587 -0.051346056 -0.18466929
v -0.015284587 -0.08302459 -0.30754417
v 0 -0.09744677 -0.31381837
v -0.013697036 -0.066625424 -0.1691818
v -0.015284587 -0.051346056 -0.18466929
v 0 -0.05588809 -0.18498255
v 0 -0.068527564 -0.1691818
v -0.014467599 -0.01124508 -0.1494737
v -0.015284587 -0.01011138 -0.16491173
v -0.015284587 -0.051346056 -0.18466929
v -0.013697036 -0.066625424 -0.1691818
v -0.015284587 -0.08302459 -0.30754417
v -0.015284587 -0.013614558 -0.3134267
v 0 -0.02853717 -0.07429605
v -0.0059203873 -0.027269285 -0.07426224
v -0.0052069738 -0.031067876 -0.078732274
v 0 -0.031091392 -0.07841246
v -0.0052069738 -0.031067876 -0.078732274
v -0.0059203873 -0.031292696 -0.080585256
v -0.005368728 -0.037834726 -0.08057058
v -0.0048189918 -0.037191045 -0.07903267
v -0.0059203873 -0.027269285 -0.07426224
v -0.0059203873 -0.027597018 -0.082095325
v -0.0059203873 -0.027597018 -0.082095325
v 0 -0.027011013 -0.08537819
v 0 -0.03166312 -0.082858086
v -0.0059203873 -0.031292696 -0.080585256
v 0 -0.03706368 -0.0786945
v -0.0048189918 -0.037191045 -0.07903267
v -0.0048189918 -0.043173715 -0.07606707
v 0 -0.042603966 -0.075686485
v 0 -0.038564775 -0.08284126
v -0.005368728 -0.037834726 -0.08057058
v 0 -0.031091392 -0.07841246
v -0.0052069738 -0.031067876 -0.078732274
v -0.0048189918 -0.037191045 -0.07903267
v 0 -0.03706368 -0.0786945
v 0 -0.042603966 -0.075686485
v -0.0048189918 -0.043173715 -0.07606707
v -0.0048189918 -0.045173157 -0.071621925
v 0 -0.04441485 -0.07162053
v -0.0051711076 -0.044049468 -0.07688994
v -0.0048189918 -0.043173715 -0.07606707
v 0 -0.045689475 -0.07862169
v -0.0051711076 -0.044049468 -0.07688994
v -0.0051711076 -0.04630626 -0.071714014
v 0 -0.048276708 -0.07268792
v 0 -0.047682147 -0.055291448
v -0.0051711076 -0.046490006 -0.05618833
v -0.0051711076 -0.04630626 -0.071714014
v -0.0048189918 -0.045173157 -0.071621925
v -0.0051711076 -0.044049468 -0.07688994
v 0 -0.045689475 -0.07862169
v -0.0048189918 -0.045372464 -0.05686494
v -0.0051711076 -0.046490006 -0.05618833
v -0.0045224554 -0.04107016 -0.04812911
v -0.004170339 -0.04012126 -0.049020424
v -0.0048189918 -0.045372464 -0.05686494
v 0 -0.04476315 -0.05721799
v 0 -0.039440483 -0.049879257
v -0.004170339 -0.04012126 -0.049020424
v -0.0045583216 -0.030599535 -0.049348142
v 0 -0.030338049 -0.049737282
v -0.0051711076 -0.046490006 -0.05618833
v 0 -0.047682147 -0.055291448
v 0 -0.04197329 -0.04695802
v -0.0045224554 -0.04107016 -0.04812911
v 0 -0.04476315 -0.05721799
v -0.0048189918 -0.045372464 -0.05686494
v -0.004170339 -0.04012126 -0.049020424
v 0 -0.039440483 -0.049879257
v 0 -0.035972167 -0.04015764
v -0.0047200765 -0.03548924 -0.04157743
v -0.0047200765 -0.03548924 -0.04157743
v -0.0045583216 -0.030599535 -0.049348142
v 0 -0.026516255 -0.06785154
v 0 -0.025842456 -0.054469153
v -0.0059203873 -0.026295053 -0.05415613
v -0.0059203873 -0.02694021 -0.067726456
v 0 -0.025842456 -0.054469153
v 0 -0.030338049 -0.049737282
v -0.0045583216 -0.030599535 -0.049348142
v -0.0059203873 -0.026295053 -0.05415613
v -0.0059203873 -0.025404628 -0.035467107
v -0.0059203873 -0.026295053 -0.05415613
v 0 -0.024448814 -0.033152647
v -0.0059203873 -0.025404628 -0.035467107
v -0.0026561578 -0.027722929 -0.06993737
v 0 -0.027583415 -0.069333225
v -0.0059203873 -0.027269285 -0.07426224
v -0.0026561578 -0.027932508 -0.072684586
v 0 -0.02853717 -0.07429605
v 0.010949847 0.014376749 0.024188055
v 0.014456757 0.014376749 0.024188055
v 0.014456757 0.014376738 -0.08647723
v 0.010949847 0.014376738 -0.08647723
v 0.013567572 0.01042503 0.25528562
v 0.008949545 -0.0096493205 0.25159553
v 0.008949545 -0.019877566 0.024188058
v 0.013567572 0.008614083 0.024188057
v 0.013567572 0.0076745325 -0.08647723
v 0.014456757 0.014376738 -0.08647723
v 0.014456757 0.014376749 0.024188055
v 0.010949847 0.014376766 0.25609544
v 0.014456757 0.014376766 0.25609544
v 0.008949545 -0.0096493205 0.25159553
v 0.008949545 0.011623379 0.25609544
v 0 0.010571684 0.2561007
v 0 -0.010098503 0.25350916
v 0 -0.010098503 0.25350916
v 0 -0.021314602 0.024188058
v 0.008949545 -0.019877566 0.024188058
v 0.008949545 -0.0096493205 0.25159553
v 0.008949545 -0.02475034 -0.084589265
v 0 -0.027011013 -0.08537819
v 0 -0.027133696 -0.08647723
v 0.008949545 -0.024898298 -0.08647723
v 0.008949545 -0.024898298 -0.08647723
v 0.008949545 -0.022581771 -0.033152647
v 0.008949545 -0.02475034 -0.084589265
v 0.014456757 0.014376766 0.25609544
v 0.014456757 0.014376738 -0.08647723
v 0.013567572 0.0076745325 -0.08647723
v 0.010949847 0.014376738 -0.08647723
v 0 0.014376738 -0.08647723
v 0 0.010829316 -0.08647723
v 0.008949545 -0.032569785 -0.11246053
v 0.008949545 -0.04402322 -0.12675725
v 0.013567572 -0.013773503 -0.14098978
v 0.013567572 -0.003284911 -0.12111169
v 0 -0.045255248 -0.12535676
v 0 -0.057267845 -0.13107195
v 0.011000627 -0.057267845 -0.13470282
v 0.008949545 -0.04402322 -0.12675725
v 0.013567572 -0.003284911 -0.12111169
v 0.013567572 -0.013773503 -0.14098978
v 0 -0.011058481 -0.14015439
v 0 -0.00069347915 -0.12111169
v 0 -0.034805182 -0.11246053
v 0.008949545 -0.032569785 -0.11246053
v 0.015284587 -0.01462361 -0.16491173
v 0.015284587 -0.018126788 -0.3134267
v 0 -0.006743419 -0.33064342
v 0 -0.002914688 -0.15467939
v 0.014467599 -0.01124508 -0.1494737
v 0 -0.008530056 -0.14863831
v 0.013697036 -0.066625424 -0.1691818
v 0.014467599 -0.01124508 -0.1494737
v 0 -0.05588809 -0.18498255
v 0 -0.09744677 -0.31381837
v 0.015284587 -0.08302459 -0.30754417
v 0.015284587 -0.051346056 -0.18466929
v 0.013697036 -0.066625424 -0.1691818
v 0.011000627 -0.07253331 -0.14849134
v 0 -0.07610623 -0.14817809
v 0 -0.068527564 -0.1691818
v 0.011000627 -0.07145064 -0.13454735
v 0 -0.07502356 -0.13042234
v 0.011000627 -0.07145064 -0.13454735
v 0 -0.07502356 -0.13042234
v 0.011000627 -0.057267845 -0.13470282
v 0.011000627 -0.07145064 -0.13454735
v 0.011000627 -0.07253331 -0.14849134
v 0 -0.028398693 -0.0974824
v 0.008949545 -0.026163295 -0.0974824
v 0.013567572 0.0076745325 -0.08647723
v 0.013567572 0.003557488 -0.09776325
v 0 0.0061489195 -0.09776325
v 0 0.010829316 -0.08647723
v 0.008949545 -0.026163295 -0.0974824
v 0.013567572 0.003557488 -0.09776325
v 0.013697036 -0.066625424 -0.1691818
v 0 -0.068527564 -0.1691818
v 0 -0.05588809 -0.18498255
v 0.015284587 -0.051346056 -0.18466929
v 0.015284587 -0.051346056 -0.18466929
v 0.015284587 -0.01462361 -0.16491173
v 0.013567572 -0.013773503 -0.14098978
v 0 -0.011058481 -0.14015439
v 0.015284587 -0.08302459 -0.30754417
v 0.015284587 -0.018126788 -0.3134267
v 0.010949847 0.014376766 0.25609544
v 0.013567572 0.01042503 0.25528562
v 0.014456757 0.014376766 0.25609544
v 0 -0.024448814 -0.033152647
v 0.008949545 -0.022581771 -0.033152647
v 0.008949545 -0.022581771 -0.033152647
v 0 -0.024448814 -0.033152647
v 0.0059203873 -0.025404628 -0.035467107
v 0.008949545 -0.022581771 -0.033152647
v 0.0059203873 -0.025404628 -0.035467107
v 0.0059203873 -0.026295053 -0.05415613
v 0.0059203873 -0.02694021 -0.067726456
v 0.0059203873 -0.027269285 -0.07426224
v 0.0059203873 -0.027597018 -0.082095325
v 0.008949545 -0.02475034 -0.084589265
v 0 -0.027011013 -0.08537819
v 0.008949545 -0.02475034 -0.084589265
v 0.0059203873 -0.027597018 -0.082095325
v 0 -0.02853717 -0.07429605
v 0 -0.031091392 -0.07841246
v 0.0052069738 -0.031067876 -0.078732274
v 0.0059203873 -0.027269285 -0.07426224
v 0.0052069738 -0.031067876 -0.078732274
v 0.0048189918 -0.037191045 -0.07903267
v 0.005368728 -0.037834726 -0.08057058
v 0.0059203873 -0.031292696 -0.080585256
v 0.0059203873 -0.027269285 -0.07426224
v 0.0059203873 -0.027597018 -0.082095325
v 0.0059203873 -0.027597018 -0.082095325
v 0.0059203873 -0.031292696 -0.080585256
v 0 -0.03166312 -0.082858086
v 0 -0.027011013 -0.08537819
v 0 -0.03706368 -0.0786945
v 0 -0.042603966 -0.075686485
v 0.0048189918 -0.043173715 -0.07606707
v 0.0048189918 -0.037191045 -0.07903267
v 0.005368728 -0.037834726 -0.08057058
v 0 -0.038564775 -0.08284126
v 0 -0.031091392 -0.07841246
v 0 -0.03706368 -0.0786945
v 0.0048189918 -0.037191045 -0.07903267
v 0.0052069738 -0.031067876 -0.078732274
v 0 -0.042603966 -0.075686485
v 0 -0.04441485 -0.07162053
v 0.0048189918 -0.045173157 -0.071621925
v 0.0048189918 -0.043173715 -0.07606707
v 0.0048189918 -0.043173715 -0.07606707
v 0.0051711076 -0.044049468 -0.07688994
v 0.0051711076 -0.044049468 -0.07688994
v 0 -0.045689475 -0.07862169
v 0.0051711076 -0.04630626 -0.071714014
v 0.0051711076 -0.046490006 -0.05618833
v 0 -0.047682147 -0.055291448
v 0 -0.048276708 -0.07268792
v 0.0048189918 -0.045173157 -0.071621925
v 0.0051711076 -0.04630626 -0.071714014
v 0.0051711076 -0.044049468 -0.07688994
v 0 -0.045689475 -0.07862169
v 0.0048189918 -0.045372464 -0.05686494
v 0.004170339 -0.04012126 -0.049020424
v 0.0045224554 -0.04107016 -0.04812911
v 0.0051711076 -0.046490006 -0.05618833
v 0 -0.04476315 -0.05721799
v 0.0048189918 -0.045372464 -0.05686494
v 0 -0.039440483 -0.049879257
v 0 -0.030338049 -0.049737282
v 0.0045583216 -0.030599535 -0.049348142
v 0.004170339 -0.04012126 -0.049020424
v 0.0051711076 -0.046490006 -0.05618833
v 0.0045224554 -0.04107016 -0.04812911
v 0 -0.04197329 -0.04695802
v 0 -0.047682147 -0.055291448
v 0 -0.04476315 -0.05721799
v 0 -0.039440483 -0.049879257
v 0.004170339 -0.04012126 -0.049020424
v 0.0048189918 -0.045372464 -0.05686494
v 0.0047200765 -0.03548924 -0.04157743
v 0 -0.035972167 -0.04015764
v 0.0045583216 -0.030599535 -0.049348142
v 0.0047200765 -0.03548924 -0.04157743
v 0 -0.026516255 -0.06785154
v 0.0059203873 -0.02694021 -0.067726456
v 0.0059203873 -0.026295053 -0.05415613
v 0 -0.025842456 -0.054469153
v 0 -0.025842456 -0.054469153
v 0.0059203873 -0.026295053 -0.05415613
v 0.0045583216 -0.030599535 -0.049348142
v 0 -0.030338049 -0.049737282
v 0.0059203873 -0.026295053 -0.05415613
v 0.0059203873 -0.025404628 -0.035467107
v 0 -0.024448814 -0.033152647
v 0.0059203873 -0.025404628 -0.035467107
v 0 -0.027583415 -0.069333225
v 0.0026561578 -0.027722929 -0.06993737
v 0.0026561578 -0.027932508 -0.072684586
v 0.0059203873 -0.027269285 -0.07426224
v 0 -0.02853717 -0.07429605
v 0.015284587 -0.078649394 -0.31795266
v 0.014433738 -0.019724116 -0.32354727
v 0.014433738 -0.019724116 -0.32354727
v 0 -0.009555639 -0.33371097
v -0.014433738 -0.017468 -0.32354727
v -0.015284587 -0.078649394 -0.31795266
v 0 -0.009555639 -0.33371097
v -0.014433738 -0.017468 -0.32354727
v 0 -0.099070966 -0.32099855
v 0.013323005 -0.08557146 -0.31775594
v -0.013323005 -0.08557146 -0.31775594
v 0 -0.099070966 -0.32099855
v 0.013323005 -0.08557146 -0.31775594
v -0.013323005 -0.08557146 -0.31775594
v -0.010949847 0.014376749 0.024188055
v -0.010949847 0.0143767465 -0.015843565
v -0.010949847 0.014376741 -0.059484858
v -0.014456757 0.014376741 -0.059484866
v -0.014456757 0.014376749 0.024188055
v -0.013567572 0.01042503 0.25528562
v -0.013567572 0.008614083 0.024188057
v -0.008949545 -0.019877566 0.024188058
v -0.008949545 -0.0096493205 0.25159553
v -0.013567572 0.0076745325 -0.08647723
v -0.014456757 0.014376749 0.024188055
v -0.014456757 0.014376741 -0.059484866
v -0.014456757 0.01437674 -0.067880265
v -0.014456757 0.014376738 -0.08647723
v -0.010949847 0.014376766 0.25609544
v -0.014456757 0.014376766 0.25609544
v -0.008949545 -0.0096493205 0.25159553
v 0 -0.010098503 0.25350916
v 0 0.010571684 0.2561007
v -0.008949545 0.011623379 0.25609544
v 0 -0.010098503 0.25350916
v -0.008949545 -0.0096493205 0.25159553
v -0.008949545 -0.019877566 0.024188058
v 0 -0.021314602 0.024188058
v -0.008949545 -0.02475034 -0.084589265
v -0.008949545 -0.024898298 -0.08647723
v 0 -0.027133696 -0.08647723
v 0 -0.027011013 -0.08537819
v -0.008949545 -0.024898298 -0.08647723
v -0.008949545 -0.02475034 -0.084589265
v -0.008949545 -0.022581771 -0.033152647
v -0.014456757 0.014376766 0.25609544
v -0.014456757 0.014376738 -0.08647723
v -0.010949847 0.014376738 -0.08647723
v -0.013567572 0.0076745325 -0.08647723
v 0 0.014376738 -0.08647723
v 0 0.010829316 -0.08647723
v -0.008949545 -0.032569785 -0.11246053
v -0.013567572 -0.003284911 -0.12111169
v -0.013567572 -0.013773503 -0.14098978
v -0.008949545 -0.04402322 -0.12675725
v 0 -0.045255248 -0.12535676
v -0.008949545 -0.04402322 -0.12675725
v -0.011000627 -0.057267845 -0.13470282
v 0 -0.057267845 -0.13107195
v -0.013567572 -0.003284911 -0.12111169
v 0 -0.00069347915 -0.12111169
v 0 -0.011058481 -0.14015439
v -0.013567572 -0.013773503 -0.14098978
v 0 -0.034805182 -0.11246053
v -0.008949545 -0.032569785 -0.11246053
v -0.013697036 -0.066625424 -0.1691818
v -0.014467599 -0.01124508 -0.1494737
v -0.013697036 -0.066625424 -0.1691818
v 0 -0.068527564 -0.1691818
v 0 -0.07610623 -0.14817809
v -0.011000627 -0.07253331 -0.14849134
v 0 -0.07502356 -0.13042234
v -0.011000627 -0.07145064 -0.13454735
v -0.011000627 -0.07145064 -0.13454735
v 0 -0.07502356 -0.13042234
v -0.011000627 -0.057267845 -0.13470282
v -0.011000627 -0.07253331 -0.14849134
v -0.011000627 -0.07145064 -0.13454735
v -0.008949545 -0.026163295 -0.0974824
v 0 -0.028398693 -0.0974824
v -0.013567572 0.0076745325 -0.08647723
v 0 0.010829316 -0.08647723
v 0 0.0061489195 -0.09776325
v -0.013567572 0.003557488 -0.09776325
v -0.013567572 0.003557488 -0.09776325
v -0.008949545 -0.026163295 -0.0974824
v -0.014467599 -0.01124508 -0.1494737
v -0.013567572 -0.013773503 -0.14098978
v 0 -0.011058481 -0.14015439
v 0 -0.008530056 -0.14863831
v -0.010949847 0.014376766 0.25609544
v -0.014456757 0.014376766 0.25609544
v -0.013567572 0.01042503 0.25528562
v -0.008949545 -0.022581771 -0.033152647
v 0 -0.024448814 -0.033152647
v -0.008949545 -0.022581771 -0.033152647
v -0.0059203873 -0.025404628 -0.035467107
v 0 -0.024448814 -0.033152647
v -0.008949545 -0.022581771 -0.033152647
v -0.008949545 -0.02475034 -0.084589265
v -0.0059203873 -0.027597018 -0.082095325
v -0.0059203873 -0.027269285 -0.07426224
v -0.0059203873 -0.02694021 -0.067726456
v -0.0059203873 -0.026295053 -0.05415613
v -0.0059203873 -0.025404628 -0.035467107
v 0 -0.027011013 -0.08537819
v -0.0059203873 -0.027597018 -0.082095325
v -0.008949545 -0.02475034 -0.084589265
v -0.014456757 0.01437674 -0.067880265
v -0.010949847 0.01437674 -0.067880265
v -0.010949847 0.014376738 -0.08647723
v -0.014456757 0.014376738 -0.08647723
v -0.014467599 -0.01124508 -0.1494737
v -0.013697036 -0.066625424 -0.1691818
# 399 vertices

vn -0.4184803 0.90468293 0.08014355
vn -0.41136873 0.8944882 0.1751193
vn -0.6098341 0.74277556 -0.27638167
vn -0.50182766 0.8564915 -0.120795175
vn -0.3975696 0.87094814 0.2887697
vn -0.3975696 0.87094814 0.2887697
vn -0.47203806 -0.8464762 0.24628876
vn -0.47203806 -0.8464762 0.24628876
vn -0.5439157 -0.815019 0.19974917
vn -0.61172044 -0.7764919 0.1511906
vn -0.17142895 -0.73939997 -0.6510759
vn -0.17142895 -0.73939997 -0.6510759
vn 0 -0.7505029 -0.6608673
vn 0 -0.7505029 -0.6608673
vn -0.9961889 -0.0401625 0.07742574
vn -0.99904245 -0.020814016 0.038484573
vn -0.9995127 -0.01483246 0.027467525
vn -0.9960866 -0.040621087 0.078495465
vn -0.9976157 -0.05710166 -0.03875954
vn -0.99981785 0.0013122956 -0.019043569
vn 0 -0.8082078 0.5888974
vn -0.108281806 -0.803446 0.58544815
vn -0.108281806 -0.803446 0.58544815
vn 0 -0.8082078 0.5888974
vn -0.9759547 -0.10858521 0.18900177
vn -0.97040397 -0.10370263 0.21808685
vn -0.94681484 0.037446577 0.3195927
vn -0.9447505 0.019227086 0.3272262
vn -0.98883754 -0.12570666 0.07998961
vn -0.98883754 -0.12570666 0.07998961
vn -0.38298413 -0.40160084 -0.83188945
vn -0.38298413 -0.40160084 -0.83188945
vn -0.3866106 -0.21744564 -0.89624196
vn -0.3866106 -0.21744564 -0.89624196
vn 0 0.46022815 0.88780063
vn -0.099004075 0.4579702 0.88343734
vn -0.099004075 0.4579702 0.88343734
vn 0 0.46022815 0.88780063
vn -0.40093163 -0.25395086 -0.88020617
vn -0.40014112 -0.24195865 -0.88393617
vn 0 -0.05017347 0.9987406
vn -0.06488394 -0.05005149 0.9966368
vn -0.06488394 -0.05005149 0.9966368
vn 0 -0.05017347 0.9987406
vn 0 0.912716 0.40859485
vn -0.14054139 0.9036461 0.40456378
vn -0.14297992 0.9668311 0.21164681
vn 0 0.9749988 0.22221063
vn -0.95733166 0.20585318 0.20283173
vn -0.95735157 0.20728528 0.20127301
vn -0.40374726 -0.47061634 -0.7845436
vn -0.40374726 -0.47061634 -0.7845436
vn -0.34599245 -0.92258555 -0.17066148
vn -0.35234377 -0.9153003 -0.19513947
vn -0.29231024 -0.9562495 0.011902462
vn -0.29231024 -0.9562495 0.011902462
vn -0.95518893 0.29023728 0.05810847
vn -0.9550779 0.2884705 0.06790591
vn -0.3907991 -0.84376603 -0.3678791
vn -0.3907991 -0.84376603 -0.3678791
vn -0.95886177 0.2812067 -0.03882083
vn -0.9600686 0.27448842 -0.054079793
vn -0.99008036 0.115424424 -0.08011347
vn -0.99164903 0.10211607 -0.07876916
vn -0.1397774 0.9900086 0.018586038
vn 0 0.9998239 0.018768933
vn 0 -0.01290952 -0.9999167
vn -0.14014496 -0.012787701 -0.9900484
vn -0.14014496 -0.012787701 -0.9900484
vn 0 -0.01290952 -0.9999167
vn -0.28663746 -0.7873373 0.545838
vn -0.28663746 -0.7873373 0.545838
vn -0.28578624 -0.7562469 0.58857197
vn -0.28590813 -0.75969523 0.5840547
vn 0 0.8244904 -0.56587595
vn -0.19102043 0.8093113 -0.5554517
vn -0.19102043 0.8093113 -0.5554517
vn 0 0.8244904 -0.56587595
vn -0.27650616 -0.61753035 0.73634267
vn -0.27754322 -0.6286076 0.72651386
vn -0.9938009 -0.100378074 -0.04779326
vn -0.9904391 -0.13172081 -0.040987257
vn 0 -0.9640568 0.26569632
vn 0 -0.99880564 0.04886151
vn 0.07550386 -0.99595517 0.048708316
vn -0.021088773 -0.99028724 0.13742808
vn 0 -0.7347146 -0.67837644
vn 0 -0.7347146 -0.67837644
vn 0.004608424 -0.7346927 -0.67838436
vn 0.004608424 -0.7346927 -0.67838436
vn -0.9845047 -0.17240047 -0.032075204
vn -0.9845047 -0.17240047 -0.032075204
vn -0.26429427 -0.5111011 0.8178779
vn -0.26429427 -0.5111011 0.8178779
vn -0.088840656 -0.95667744 0.2772647
vn 0 -0.8825742 0.47017324
vn -0.21027675 -0.9765203 0.046816416
vn -0.2099421 -0.97695255 0.038576446
vn -0.20923893 -0.97761834 0.021943316
vn 0 1 -8.4293696E-08
vn 0 1 -8.4293696E-08
vn 0 1 -8.4293696E-08
vn 0 1 -8.4293696E-08
vn 0.98307157 -0.18320435 0.0025330759
vn 0.9823147 -0.18717296 0.004913573
vn 0.9858175 -0.16776171 0.004455755
vn 0.9863743 -0.16449745 0.0025330917
vn 0.9892707 -0.14563626 0.011566682
vn 0.989975 -0.14124188 0.00057987275
vn 0.98700136 -0.16071083 0.0006409037
vn 0 1 -8.4293696E-08
vn 0 1 -8.4293696E-08
vn 0.11862668 -0.1705086 0.9781894
vn 0.067630254 -0.11084516 0.99153394
vn 0.106907286 -0.14920622 0.9830098
vn 0.118811324 -0.16550563 0.979026
vn 0.10959469 -0.99288327 0.046603
vn 0.14572804 -0.9881429 0.048342116
vn 0.14536102 -0.9881985 0.048311334
vn 0.10959469 -0.99288327 0.046603
vn 0.23902406 -0.96705246 0.08761985
vn 0.23902406 -0.96705246 0.08761985
vn 0.23996915 -0.9656752 0.09943026
vn 0.23994277 -0.9657224 0.09903523
vn 0.98880184 -0.14780603 0.020600688
vn 0.9887751 -0.14935848 0.003997961
vn 0.9887751 -0.14935848 0.003997961
vn 0.9836443 -0.18012065 0.0007019425
vn 0 -8.4293696E-08 -1
vn 0 -8.4293696E-08 -1
vn 0 -8.4293696E-08 -1
vn 0 -8.4293696E-08 -1
vn 0 -8.4293696E-08 -1
vn 0.98881245 -0.13327605 0.066989005
vn 0.9911601 -0.07178029 0.11157686
vn 0.9924326 -0.07639027 0.09613638
vn 0.9886677 -0.1358102 0.063968144
vn 0.22520034 -0.6164245 0.75452346
vn 0.29396027 -0.22657396 0.9285751
vn 0.29985043 -0.19318601 0.934221
vn 0.22599293 -0.61102015 0.758671
vn 0.16843314 0.9104667 -0.37773103
vn 0.15589215 0.87068266 -0.46648628
vn 0.15589215 0.87068266 -0.46648628
vn 0.16953552 0.91378266 -0.36913276
vn 0.21076518 -0.83222634 0.51281315
vn 0.21296018 -0.8427766 0.49434358
vn 0.56518763 0.82469356 0.021058274
vn 0.6412111 0.76246434 -0.086583406
vn 0.68536055 0.7041907 -0.18546277
vn 0.52568775 0.8487302 0.057528026
vn 0.3474623 0.91719675 0.19498777
vn 0.34041244 0.9188144 0.19974883
vn 0.99524164 -0.042878605 0.08749678
vn 0.99582124 -0.042300038 0.08093775
vn 0.47203806 -0.8464762 0.24628876
vn 0.61172044 -0.7764919 0.1511906
vn 0.5439157 -0.815019 0.19974917
vn 0.47203806 -0.8464762 0.24628876
vn 0.20365766 -0.93530536 -0.28935677
vn 0.26237264 -0.9565904 -0.12686779
vn 0.26921335 -0.9572165 -0.10611655
vn 0.20365766 -0.93530536 -0.28935677
vn 0.32002366 -0.94520813 0.06454805
vn 0.32002366 -0.94520813 0.06454805
vn 0.32893673 0.023774596 0.94405264
vn 0.32893673 0.023774596 0.94405264
vn 0.9928585 -0.04754929 0.109412216
vn 0.9956881 -0.06216755 0.06885127
vn 0.9956881 -0.06216755 0.06885127
vn 0.23432891 -0.93817014 0.2548076
vn 0.23499681 -0.9408723 0.24400002
vn 0.19355296 0.9141119 -0.35628158
vn 0.18683887 0.9304404 -0.31523344
vn 0.18735859 0.9292851 -0.3183174
vn 0.19355296 0.9141119 -0.35628158
vn 0.9881944 -0.14670321 0.044160523
vn 0.98831916 -0.14661206 0.04159707
vn 0.17142895 -0.73939997 -0.6510759
vn 0 -0.7505029 -0.6608673
vn 0 -0.7505029 -0.6608673
vn 0.17142895 -0.73939997 -0.6510759
vn 0.9994712 -0.015869949 0.028382797
vn 0.9987488 -0.024415553 0.04364281
vn 0.19858865 0.9363301 0.28956637
vn 0.19858865 0.9363301 0.28956637
vn 0.9976265 -0.05703949 -0.03857566
vn 0.9997885 0.001525927 -0.020508483
vn 0.046602298 -0.090305224 0.9948232
vn 0.0972937 -0.17975521 0.97888815
vn 0.075839095 -0.15170862 0.9855115
vn 0.18128236 -0.9821598 0.04999007
vn 0.18128236 -0.9821598 0.04999007
vn 0.14978978 -0.71803254 0.67970014
vn 0.23279916 -0.57574147 0.78378975
vn 0.2072837 -0.6234991 0.75384504
vn 0.6851916 -0.7276441 0.03235065
vn 0.6851916 -0.7276441 0.03235065
vn 0.6851916 -0.7276441 0.03235065
vn 0.6851916 -0.7276441 0.03235065
vn 0.6851916 -0.7276441 0.03235065
vn 0.6851916 -0.7276441 0.03235065
vn 0.6851916 -0.7276441 0.03235065
vn 0.35069662 -0.5242291 -0.7760128
vn 0.24687277 -0.7737931 -0.5833509
vn 0.32426727 -0.60351866 -0.72843397
vn 0 -0.8082078 0.5888974
vn 0 -0.8082078 0.5888974
vn 0.108281806 -0.803446 0.58544815
vn 0.108281806 -0.803446 0.58544815
vn 0.9759547 -0.10858521 0.18900177
vn 0.9447505 0.019227086 0.3272262
vn 0.94681484 0.037446577 0.3195927
vn 0.97040397 -0.10370263 0.21808685
vn 0.98883754 -0.12570666 0.07998961
vn 0.98883754 -0.12570666 0.07998961
vn 0.32426727 -0.60351866 -0.72843397
vn 0.3866106 -0.21744564 -0.89624196
vn 0.3866106 -0.21744564 -0.89624196
vn 0.35069662 -0.5242291 -0.7760128
vn 0 0.46022815 0.88780063
vn 0 0.46022815 0.88780063
vn 0.099004075 0.4579702 0.88343734
vn 0.099004075 0.4579702 0.88343734
vn 0.40014112 -0.24195865 -0.88393617
vn 0.40093163 -0.25395086 -0.88020617
vn 0 -0.05017347 0.9987406
vn 0 -0.05017347 0.9987406
vn 0.06488394 -0.05005149 0.9966368
vn 0.06488394 -0.05005149 0.9966368
vn 0 0.912716 0.40859485
vn 0 0.9749988 0.22221063
vn 0.14297992 0.9668311 0.21164681
vn 0.14054139 0.9036461 0.40456378
vn 0.95735157 0.20728528 0.20127301
vn 0.95733166 0.20585318 0.20283173
vn 0.40374726 -0.47061634 -0.7845436
vn 0.40374726 -0.47061634 -0.7845436
vn 0.34599245 -0.92258555 -0.17066148
vn 0.29231024 -0.9562495 0.011902462
vn 0.29231024 -0.9562495 0.011902462
vn 0.35234377 -0.9153003 -0.19513947
vn 0.9550779 0.2884705 0.06790591
vn 0.95518893 0.29023728 0.05810847
vn 0.3907991 -0.84376603 -0.3678791
vn 0.3907991 -0.84376603 -0.3678791
vn 0.95886177 0.2812067 -0.03882083
vn 0.99164903 0.10211607 -0.07876916
vn 0.99008036 0.115424424 -0.08011347
vn 0.9600686 0.27448842 -0.054079793
vn 0 0.9998239 0.018768933
vn 0.1397774 0.9900086 0.018586038
vn 0 -0.01290952 -0.9999167
vn 0 -0.01290952 -0.9999167
vn 0.14014496 -0.012787701 -0.9900484
vn 0.14014496 -0.012787701 -0.9900484
vn 0.28663746 -0.7873373 0.545838
vn 0.28590813 -0.75969523 0.5840547
vn 0.28578624 -0.7562469 0.58857197
vn 0.28663746 -0.7873373 0.545838
vn 0 0.8244904 -0.56587595
vn 0 0.8244904 -0.56587595
vn 0.19102043 0.8093113 -0.5554517
vn 0.19102043 0.8093113 -0.5554517
vn 0.27754322 -0.6286076 0.72651386
vn 0.27650616 -0.61753035 0.73634267
vn 0.9904391 -0.13172081 -0.040987257
vn 0.9938009 -0.100378074 -0.04779326
vn 0 -0.9640568 0.26569632
vn 0.021088773 -0.99028724 0.13742808
vn -0.07550386 -0.99595517 0.048708316
vn 0 -0.99880564 0.04886151
vn 0 -0.7347146 -0.67837644
vn -0.004608424 -0.7346927 -0.67838436
vn -0.004608424 -0.7346927 -0.67838436
vn 0 -0.7347146 -0.67837644
vn 0.9845047 -0.17240047 -0.032075204
vn 0.9845047 -0.17240047 -0.032075204
vn 0.23279916 -0.57574147 0.78378975
vn 0.2072837 -0.6234991 0.75384504
vn 0 -0.8825742 0.47017324
vn 0.088840656 -0.95667744 0.2772647
vn 0.2099421 -0.97695255 0.038576446
vn 0.21027675 -0.9765203 0.046816416
vn 0.20923893 -0.97761834 0.021943316
vn 0.9704071 -0.1270804 -0.20533064
vn 0.99108595 -0.005127265 -0.13312548
vn 0.692305 0.6511647 -0.31096357
vn 0.68354195 0.651344 -0.32942596
vn -0.99285084 -0.0038454302 -0.11929958
vn -0.9704016 -0.12711419 -0.20533593
vn -0.6394709 0.6308644 -0.43941692
vn -0.6466204 0.6361216 -0.4209885
vn 0.67819047 -0.7283025 0.09814877
vn 0.67819047 -0.7283025 0.09814877
vn -0.67819047 -0.7283025 0.09814877
vn -0.67819047 -0.7283025 0.09814877
vn 0.87004095 -0.3725172 -0.32289296
vn -0.87004095 -0.3725172 -0.32289296
vn 0 1 -8.4293696E-08
vn 0 1 -8.4293696E-08
vn 0 1 -8.4293696E-08
vn 0 1 -8.4293696E-08
vn 0 1 -8.4293696E-08
vn -0.98307157 -0.18320435 0.0025330759
vn -0.9863743 -0.16449745 0.0025330917
vn -0.9858175 -0.16776171 0.004455755
vn -0.9823147 -0.18717296 0.004913573
vn -0.9892707 -0.14563626 0.011566682
vn -0.98700136 -0.16071083 0.0006409037
vn -0.989975 -0.14124188 0.00057987275
vn -0.989975 -0.14124188 0.00057987275
vn -0.989975 -0.14124188 0.00057987275
vn 0 1 -8.4293696E-08
vn 0 1 -8.4293696E-08
vn -0.11862668 -0.1705086 0.9781894
vn -0.118811324 -0.16550563 0.979026
vn -0.118811324 -0.16550563 0.979026
vn -0.10520022 -0.17444855 0.97903043
vn -0.10959469 -0.99288327 0.046603
vn -0.10959469 -0.99288327 0.046603
vn -0.14536102 -0.9881985 0.048311334
vn -0.14572804 -0.9881429 0.048342116
vn -0.23902406 -0.96705246 0.08761985
vn -0.23994277 -0.9657224 0.09903523
vn -0.23996915 -0.9656752 0.09943026
vn -0.23902406 -0.96705246 0.08761985
vn -0.98880184 -0.14780603 0.020600688
vn -0.9887751 -0.14935848 0.003997961
vn -0.9887751 -0.14935848 0.003997961
vn -0.9836443 -0.18012065 0.0007019425
vn 0 -8.4293696E-08 -1
vn 0 -8.4293696E-08 -1
vn 0 -8.4293696E-08 -1
vn 0 -8.4293696E-08 -1
vn 0 -8.4293696E-08 -1
vn -0.98881245 -0.13327605 0.066989005
vn -0.9886677 -0.1358102 0.063968144
vn -0.9924326 -0.07639027 0.09613638
vn -0.9911601 -0.07178029 0.11157686
vn -0.22520034 -0.6164245 0.75452346
vn -0.22599293 -0.61102015 0.758671
vn -0.29985043 -0.19318601 0.934221
vn -0.29396027 -0.22657396 0.9285751
vn -0.16843314 0.9104667 -0.37773103
vn -0.16953552 0.91378266 -0.36913276
vn -0.15589215 0.87068266 -0.46648628
vn -0.15589215 0.87068266 -0.46648628
vn -0.21076518 -0.83222634 0.51281315
vn -0.21296018 -0.8427766 0.49434358
vn -0.9939913 -0.0473954 0.09866669
vn -0.9947075 -0.046449993 0.09164873
vn -0.20365766 -0.93530536 -0.28935677
vn -0.20365766 -0.93530536 -0.28935677
vn -0.26921335 -0.9572165 -0.10611655
vn -0.26237264 -0.9565904 -0.12686779
vn -0.32002366 -0.94520813 0.06454805
vn -0.32002366 -0.94520813 0.06454805
vn -0.32893673 0.023774596 0.94405264
vn -0.32893673 0.023774596 0.94405264
vn -0.9928585 -0.04754929 0.109412216
vn -0.9956881 -0.06216755 0.06885127
vn -0.9956881 -0.06216755 0.06885127
vn -0.23499681 -0.9408723 0.24400002
vn -0.23432891 -0.93817014 0.2548076
vn -0.19355296 0.9141119 -0.35628158
vn -0.19355296 0.9141119 -0.35628158
vn -0.18735859 0.9292851 -0.3183174
vn -0.18683887 0.9304404 -0.31523344
vn -0.98831916 -0.14661206 0.04159707
vn -0.9881944 -0.14670321 0.044160523
vn -0.19858865 0.9363301 0.28956637
vn -0.19858865 0.9363301 0.28956637
vn -0.19858865 0.9363301 0.28956637
vn -0.19858865 0.9363301 0.28956637
vn -0.075839095 -0.15170862 0.9855115
vn -0.075839095 -0.15170862 0.9855115
vn -0.0972937 -0.17975521 0.97888815
vn -0.18128236 -0.9821598 0.04999007
vn -0.18128236 -0.9821598 0.04999007
vn -0.14978978 -0.71803254 0.67970014
vn -0.14978978 -0.71803254 0.67970014
vn -0.14978978 -0.71803254 0.67970014
vn -0.6851916 -0.7276441 0.03235065
vn -0.6851916 -0.7276441 0.03235065
vn -0.6851916 -0.7276441 0.03235065
vn -0.6851916 -0.7276441 0.03235065
vn -0.6851916 -0.7276441 0.03235065
vn -0.6851916 -0.7276441 0.03235065
vn -0.6851916 -0.7276441 0.03235065
vn -0.24687277 -0.7737931 -0.5833509
vn -0.24687277 -0.7737931 -0.5833509
vn -0.24687277 -0.7737931 -0.5833509
vn 0 1 -8.4293696E-08
vn 0 1 -8.4293696E-08
vn 0 1 -8.4293696E-08
vn 0 1 -8.4293696E-08
vn -0.9954785 -0.04330756 0.0845398
vn -0.9950958 -0.04401076 0.08858613
# 399 vertex normals

vt 0.04681974 -0.24003865 0
vt 0.02497927 -0.2568993 0
vt 0.0020579356 -0.008260111 0
vt 0.027685203 -0.030996779 0
vt 0.049325686 -0.26104528 0
vt 0.029578399 -0.26755202 0
vt 0.12375677 -0.2030455 0
vt 0.10244909 -0.20688076 0
vt 0.12614946 -0.027766801 0
vt 0.15491231 -0.017693462 0
vt 0.12173109 -0.22959034 0
vt 0.10244909 -0.20688076 0
vt 0.12375677 -0.2030455 0
vt 0.1357361 -0.22258082 0
vt 0.049325686 -0.26104528 0
vt 0.04681974 -0.24003865 0
vt 0.10244909 -0.20688076 0
vt 0.12173109 -0.22959034 0
vt 0.12614946 -0.027766801 0
vt 0.027685203 -0.030996779 0
vt 0.5411496 -0.5759069 0
vt 0.5346197 -0.58480287 0
vt 0.52909136 -0.57282984 0
vt 0.5368289 -0.5718783 0
vt 0.52909136 -0.57282984 0
vt 0.52498484 -0.5701345 0
vt 0.5306723 -0.56183195 0
vt 0.5319712 -0.5636574 0
vt 0.5346197 -0.58480287 0
vt 0.51794446 -0.575492 0
vt 0.51794446 -0.575492 0
vt 0.50698984 -0.5642142 0
vt 0.5176337 -0.5596328 0
vt 0.52498484 -0.5701345 0
vt 0.53667223 -0.5657873 0
vt 0.5319712 -0.5636574 0
vt 0.53654337 -0.55818236 0
vt 0.53915524 -0.5614246 0
vt 0.5268588 -0.55566216 0
vt 0.5306723 -0.56183195 0
vt 0.5368289 -0.5718783 0
vt 0.52909136 -0.57282984 0
vt 0.5319712 -0.5636574 0
vt 0.53667223 -0.5657873 0
vt 0.53915524 -0.5614246 0
vt 0.53654337 -0.55818236 0
vt 0.5405148 -0.5559068 0
vt 0.54193985 -0.55987084 0
vt 0.5360446 -0.55717397 0
vt 0.53654337 -0.55818236 0
vt 0.53366137 -0.55273414 0
vt 0.5360446 -0.55717397 0
vt 0.5404072 -0.5549642 0
vt 0.53816223 -0.55079675 0
vt 0.55210054 -0.5447974 0
vt 0.5535213 -0.54989517 0
vt 0.5404072 -0.5549642 0
vt 0.5405148 -0.5559068 0
vt 0.5360446 -0.55717397 0
vt 0.53366137 -0.55273414 0
vt 0.55386686 -0.55092525 0
vt 0.5535213 -0.54989517 0
vt 0.56411934 -0.5479224 0
vt 0.564512 -0.5508591 0
vt 0.55386686 -0.55092525 0
vt 0.5549507 -0.55527234 0
vt 0.56341517 -0.55629086 0
vt 0.564512 -0.5508591 0
vt 0.5780966 -0.56433 0
vt 0.57076156 -0.56660426 0
vt 0.5535213 -0.54989517 0
vt 0.55210054 -0.5447974 0
vt 0.5622269 -0.5404388 0
vt 0.56411934 -0.5479224 0
vt 0.5549507 -0.55527234 0
vt 0.55386686 -0.55092525 0
vt 0.564512 -0.5508591 0
vt 0.56341517 -0.55629086 0
vt 0.5765507 -0.5342734 0
vt 0.5790281 -0.5439044 0
vt 0.5790281 -0.5439044 0
vt 0.5780966 -0.56433 0
vt 0.55072665 -0.57896197 0
vt 0.56870437 -0.5749321 0
vt 0.57794964 -0.5823022 0
vt 0.5506166 -0.5896492 0
vt 0.56870437 -0.5749321 0
vt 0.57076156 -0.56660426 0
vt 0.5780966 -0.56433 0
vt 0.57794964 -0.5823022 0
vt 0.60685 -0.53975 0
vt 0.57794964 -0.5823022 0
vt 0.6057768 -0.5216937 0
vt 0.60685 -0.53975 0
vt 0.5424193 -0.5812646 0
vt 0.54497886 -0.57771206 0
vt 0.5346197 -0.58480287 0
vt 0.53878415 -0.5793935 0
vt 0.5411496 -0.5759069 0
vt 0.2736085 -0.54196376 0
vt 0.26794153 -0.5411484 0
vt 0.29122525 -0.36676544 0
vt 0.29412004 -0.3665101 0
vt 0.20343745 -0.91907436 0
vt 0.17246291 -0.90668136 0
vt 0.21178597 -0.5327552 0
vt 0.2585419 -0.5397841 0
vt 0.28386438 -0.3623728 0
vt 0.29122525 -0.36676544 0
vt 0.26794153 -0.5411484 0
vt 0.20910746 -0.92428374 0
vt 0.20774472 -0.9211561 0
vt 0.17246291 -0.90668136 0
vt 0.20166701 -0.9274074 0
vt 0.18927209 -0.9391495 0
vt 0.16018784 -0.9131854 0
vt 0.16018784 -0.9131854 0
vt 0.19696113 -0.5310815 0
vt 0.21178597 -0.5327552 0
vt 0.17246291 -0.90668136 0
vt 0.23182948 -0.35781178 0
vt 0.21930455 -0.35493273 0
vt 0.2195792 -0.35378435 0
vt 0.23245528 -0.35504988 0
vt 0.23245528 -0.35504988 0
vt 0.22223447 -0.4401621 0
vt 0.23182948 -0.35781178 0
vt 0.20774472 -0.9211561 0
vt 0.29122525 -0.36676544 0
vt 0.28386438 -0.3623728 0
vt 0.29412004 -0.3665101 0
vt 0.30597666 -0.3595837 0
vt 0.3037327 -0.35574248 0
vt 0.22775589 -0.31499937 0
vt 0.21506813 -0.29227814 0
vt 0.26196763 -0.27730834 0
vt 0.27169493 -0.3088075 0
vt 0.2059268 -0.30014467 0
vt 0.19305599 -0.29088694 0
vt 0.19997595 -0.27789417 0
vt 0.21506813 -0.29227814 0
vt 0.27169493 -0.3088075 0
vt 0.26196763 -0.27730834 0
vt 0.28201276 -0.27737823 0
vt 0.2905189 -0.30564457 0
vt 0.21570136 -0.3180096 0
vt 0.22775589 -0.31499937 0
vt 0.26204243 -0.24182957 0
vt 0.28343797 -0.030002533 0
vt 0.31320596 -0.008062031 0
vt 0.28755254 -0.25836572 0
vt 0.26457888 -0.2642178 0
vt 0.2835514 -0.26766354 0
vt 0.19293264 -0.2305475 0
vt 0.26457888 -0.2642178 0
vt 0.19103692 -0.20404491 0
vt 0.16124938 -0.016243484 0
vt 0.19023626 -0.026694637 0
vt 0.21242549 -0.20808803 0
vt 0.19293264 -0.2305475 0
vt 0.18404557 -0.25760323 0
vt 0.16951454 -0.25832322 0
vt 0.17428364 -0.22830452 0
vt 0.18466185 -0.27262837 0
vt 0.17365853 -0.28055483 0
vt 0.18466185 -0.27262837 0
vt 0.17365853 -0.28055483 0
vt 0.19997595 -0.27789417 0
vt 0.18466185 -0.27262837 0
vt 0.18404557 -0.25760323 0
vt 0.22025472 -0.33886418 0
vt 0.23326048 -0.3384197 0
vt 0.28386438 -0.3623728 0
vt 0.27837712 -0.34393367 0
vt 0.29814613 -0.33969712 0
vt 0.3037327 -0.35574248 0
vt 0.23326048 -0.3384197 0
vt 0.27837712 -0.34393367 0
vt 0.19293264 -0.2305475 0
vt 0.1789883 -0.22348523 0
vt 0.19103692 -0.20404491 0
vt 0.21242549 -0.20808803 0
vt 0.21242549 -0.20808803 0
vt 0.26204243 -0.24182957 0
vt 0.26196763 -0.27730834 0
vt 0.28201276 -0.27737823 0
vt 0.19023626 -0.026694637 0
vt 0.28343797 -0.030002533 0
vt 0.20910746 -0.92428374 0
vt 0.20343745 -0.91907436 0
vt 0.20774472 -0.9211561 0
vt 0.20749834 -0.4386538 0
vt 0.22223447 -0.4401621 0
vt 0.22223447 -0.4401621 0
vt 0.20749834 -0.4386538 0
vt 0.21663722 -0.4349839 0
vt 0.22223447 -0.4401621 0
vt 0.21663722 -0.4349839 0
vt 0.21994616 -0.40520296 0
vt 0.22241995 -0.38356903 0
vt 0.22373858 -0.3731465 0
vt 0.22551572 -0.36115703 0
vt 0.23182948 -0.35781178 0
vt 0.21930455 -0.35493273 0
vt 0.23182948 -0.35781178 0
vt 0.22551572 -0.36115703 0
vt 0.5219784 -0.53136694 0
vt 0.5219344 -0.5372741 0
vt 0.5159247 -0.5422398 0
vt 0.51102865 -0.5299946 0
vt 0.5159247 -0.5422398 0
vt 0.52456605 -0.5464531 0
vt 0.5249989 -0.54865146 0
vt 0.5150595 -0.54707515 0
vt 0.51102865 -0.5299946 0
vt 0.5063288 -0.5485058 0
vt 0.5063288 -0.5485058 0
vt 0.5150595 -0.54707515 0
vt 0.5176337 -0.5596328 0
vt 0.50698984 -0.5642142 0
vt 0.5262505 -0.54157484 0
vt 0.5311259 -0.54277027 0
vt 0.5316855 -0.546896 0
vt 0.52456605 -0.5464531 0
vt 0.5249989 -0.54865146 0
vt 0.5268588 -0.55566216 0
vt 0.5219344 -0.5372741 0
vt 0.5262505 -0.54157484 0
vt 0.52456605 -0.5464531 0
vt 0.5159247 -0.5422398 0
vt 0.5311259 -0.54277027 0
vt 0.5341685 -0.5418159 0
vt 0.5360681 -0.54557574 0
vt 0.5316855 -0.546896 0
vt 0.5316855 -0.546896 0
vt 0.5320749 -0.54795146 0
vt 0.5320749 -0.54795146 0
vt 0.53366137 -0.55273414 0
vt 0.53667855 -0.54630184 0
vt 0.5493747 -0.5402614 0
vt 0.55210054 -0.5447974 0
vt 0.53816223 -0.55079675 0
vt 0.5360681 -0.54557574 0
vt 0.53667855 -0.54630184 0
vt 0.5320749 -0.54795146 0
vt 0.53366137 -0.55273414 0
vt 0.5488641 -0.53930235 0
vt 0.55622935 -0.53161633 0
vt 0.5580925 -0.53392017 0
vt 0.5493747 -0.5402614 0
vt 0.5464519 -0.5355271 0
vt 0.5488641 -0.53930235 0
vt 0.5515305 -0.52867913 0
vt 0.54908955 -0.5162543 0
vt 0.5557835 -0.5124903 0
vt 0.55622935 -0.53161633 0
vt 0.5493747 -0.5402614 0
vt 0.5580925 -0.53392017 0
vt 0.5622269 -0.5404388 0
vt 0.55210054 -0.5447974 0
vt 0.5464519 -0.5355271 0
vt 0.5515305 -0.52867913 0
vt 0.55622935 -0.53161633 0
vt 0.5488641 -0.53930235 0
vt 0.5712588 -0.5258539 0
vt 0.5765507 -0.5342734 0
vt 0.5557835 -0.5124903 0
vt 0.5712588 -0.5258539 0
vt 0.52634263 -0.5223111 0
vt 0.51850486 -0.5150448 0
vt 0.54262924 -0.5002432 0
vt 0.54162717 -0.5120239 0
vt 0.54162717 -0.5120239 0
vt 0.54262924 -0.5002432 0
vt 0.5557835 -0.5124903 0
vt 0.54908955 -0.5162543 0
vt 0.54262924 -0.5002432 0
vt 0.59340036 -0.5085026 0
vt 0.6057768 -0.5216937 0
vt 0.59340036 -0.5085026 0
vt 0.52329946 -0.5273448 0
vt 0.5189599 -0.5267619 0
vt 0.51782 -0.5306883 0
vt 0.51102865 -0.5299946 0
vt 0.5219784 -0.53136694 0
vt 0.19783367 -0.012479371 0
vt 0.2836317 -0.01520451 0
vt 0.2836317 -0.01520451 0
vt 0.31081864 -0.002057905 0
vt 0.030061644 -0.01576186 0
vt 0.1187392 -0.013568861 0
vt 0.004259561 -0.002057905 0
vt 0.030061644 -0.01576186 0
vt 0.16018742 -0.0057397685 0
vt 0.18709233 -0.011871503 0
vt 0.12940425 -0.013101547 0
vt 0.15607162 -0.007318475 0
vt 0.18709233 -0.011871503 0
vt 0.12940425 -0.013101547 0
vt 0.024157899 -0.5385918 0
vt 0.018635998 -0.47304657 0
vt 0.012574548 -0.4017007 0
vt 0.018307772 -0.40121362 0
vt 0.029946074 -0.5380105 0
vt 0.0746296 -0.92012024 0
vt 0.039554857 -0.53706926 0
vt 0.08685757 -0.5325607 0
vt 0.10632053 -0.90935063 0
vt 0.024073398 -0.35731107 0
vt 0.029946074 -0.5380105 0
vt 0.018307772 -0.40121362 0
vt 0.017145978 -0.38751215 0
vt 0.016598342 -0.36165982 0
vt 0.0686768 -0.92504007 0
vt 0.070205644 -0.9219793 0
vt 0.10632053 -0.90935063 0
vt 0.11827066 -0.9165182 0
vt 0.087760895 -0.9409668 0
vt 0.07596657 -0.9285575 0
vt 0.11827066 -0.9165182 0
vt 0.10632053 -0.90935063 0
vt 0.08685757 -0.5325607 0
vt 0.1018189 -0.5316951 0
vt 0.076609395 -0.35568312 0
vt 0.07613677 -0.35287976 0
vt 0.08914612 -0.35235307 0
vt 0.08935474 -0.3535191 0
vt 0.07613677 -0.35287976 0
vt 0.076609395 -0.35568312 0
vt 0.08159315 -0.43900064 0
vt 0.070205644 -0.9219793 0
vt 0.016598342 -0.36165982 0
vt 0.013898663 -0.36104643 0
vt 0.024073398 -0.35731107 0
vt 0.002057905 -0.3536198 0
vt 0.004463908 -0.34978378 0
vt 0.083141185 -0.31289685 0
vt 0.03937357 -0.3041691 0
vt 0.05115123 -0.27361584 0
vt 0.09706194 -0.29068258 0
vt 0.10594547 -0.29900777 0
vt 0.09706194 -0.29068258 0
vt 0.112775154 -0.2767296 0
vt 0.119278215 -0.2900595 0
vt 0.03937357 -0.3041691 0
vt 0.02050922 -0.29964173 0
vt 0.03141592 -0.2712913 0
vt 0.05115123 -0.27361584 0
vt 0.095130004 -0.316583 0
vt 0.083141185 -0.31289685 0
vt 0.121516295 -0.22961162 0
vt 0.0496047 -0.26146907 0
vt 0.121516295 -0.22961162 0
vt 0.1402497 -0.2280142 0
vt 0.14398283 -0.25821048 0
vt 0.12945934 -0.2569873 0
vt 0.1390792 -0.28033772 0
vt 0.12831797 -0.2720114 0
vt 0.12831797 -0.2720114 0
vt 0.1390792 -0.28033772 0
vt 0.112775154 -0.2767296 0
vt 0.12945934 -0.2569873 0
vt 0.12831797 -0.2720114 0
vt 0.07627945 -0.33613086 0
vt 0.08933585 -0.33732545 0
vt 0.024073398 -0.35731107 0
vt 0.004463908 -0.34978378 0
vt 0.01083506 -0.33377832 0
vt 0.030585999 -0.33910456 0
vt 0.030585999 -0.33910456 0
vt 0.07627945 -0.33613086 0
vt 0.0496047 -0.26146907 0
vt 0.05115123 -0.27361584 0
vt 0.03141592 -0.2712913 0
vt 0.029578399 -0.26755202 0
vt 0.0686768 -0.92504007 0
vt 0.070205644 -0.9219793 0
vt 0.0746296 -0.92012024 0
vt 0.08159315 -0.43900064 0
vt 0.096472934 -0.43832034 0
vt 0.08159315 -0.43900064 0
vt 0.087509036 -0.43411577 0
vt 0.096472934 -0.43832034 0
vt 0.08159315 -0.43900064 0
vt 0.076609395 -0.35568312 0
vt 0.08276045 -0.35940605 0
vt 0.08387028 -0.37155458 0
vt 0.084606916 -0.38210577 0
vt 0.08586913 -0.40399188 0
vt 0.087509036 -0.43411577 0
vt 0.08935474 -0.3535191 0
vt 0.08276045 -0.35940605 0
vt 0.076609395 -0.35568312 0
vt 0.017145978 -0.38751215 0
vt 0.012215096 -0.38719463 0
vt 0.013898663 -0.36104643 0
vt 0.016598342 -0.36165982 0
vt 0.049465194 -0.26125717 0
vt 0.121623695 -0.22960098 0
# 399 texture coords

usemtl Body
s 1
f 97/97/97 99/99/99 98/98/98
f 129/129/129 130/130/130 131/131/131
f 154/154/154 155/155/155 136/136/136
f 113/113/113 190/190/190 114/114/114
f 194/194/194 195/195/195 196/196/196
f 204/204/204 205/205/205 206/206/206
f 284/284/284 283/283/283 285/285/285
f 298/298/298 286/286/286 187/187/187
f 291/291/291 299/299/299 19/19/19
f 332/332/332 333/333/333 334/334/334
f 316/316/316 319/319/319 378/378/378
f 381/381/381 382/382/382 383/383/383
f 391/391/391 392/392/392 393/393/393
f 1/1/1 2/2/2 3/3/3
f 1/1/1 3/3/3 4/4/4
f 5/5/5 6/6/6 2/2/2
f 5/5/5 2/2/2 1/1/1
f 7/7/7 8/8/8 9/9/9
f 7/7/7 9/9/9 10/10/10
f 11/11/11 12/12/12 13/13/13
f 11/11/11 13/13/13 14/14/14
f 15/15/15 16/16/16 17/17/17
f 15/15/15 17/17/17 18/18/18
f 19/19/19 17/17/17 16/16/16
f 19/19/19 16/16/16 20/20/20
f 21/21/21 22/22/22 23/23/23
f 21/21/21 23/23/23 24/24/24
f 25/25/25 26/26/26 27/27/27
f 25/25/25 27/27/27 28/28/28
f 29/29/29 30/30/30 26/26/26
f 29/29/29 26/26/26 25/25/25
f 31/31/31 32/32/32 33/33/33
f 31/31/31 33/33/33 34/34/34
f 35/35/35 36/36/36 37/37/37
f 35/35/35 37/37/37 38/38/38
f 34/34/34 33/33/33 39/39/39
f 34/34/34 39/39/39 40/40/40
f 41/41/41 42/42/42 43/43/43
f 41/41/41 43/43/43 44/44/44
f 45/45/45 46/46/46 47/47/47
f 45/45/45 47/47/47 48/48/48
f 28/28/28 27/27/27 49/49/49
f 28/28/28 49/49/49 50/50/50
f 40/40/40 39/39/39 51/51/51
f 40/40/40 51/51/51 52/52/52
f 53/53/53 54/54/54 55/55/55
f 53/53/53 55/55/55 56/56/56
f 50/50/50 49/49/49 57/57/57
f 50/50/50 57/57/57 58/58/58
f 59/59/59 60/60/60 54/54/54
f 59/59/59 54/54/54 53/53/53
f 61/61/61 62/62/62 63/63/63
f 61/61/61 63/63/63 64/64/64
f 48/48/48 47/47/47 65/65/65
f 48/48/48 65/65/65 66/66/66
f 58/58/58 57/57/57 62/62/62
f 58/58/58 62/62/62 61/61/61
f 67/67/67 68/68/68 69/69/69
f 67/67/67 69/69/69 70/70/70
f 71/71/71 72/72/72 73/73/73
f 71/71/71 73/73/73 74/74/74
f 75/75/75 76/76/76 77/77/77
f 75/75/75 77/77/77 78/78/78
f 74/74/74 73/73/73 79/79/79
f 74/74/74 79/79/79 80/80/80
f 64/64/64 63/63/63 81/81/81
f 64/64/64 81/81/81 82/82/82
f 83/83/83 84/84/84 85/85/85
f 83/83/83 85/85/85 86/86/86
f 87/87/87 88/88/88 89/89/89
f 87/87/87 89/89/89 90/90/90
f 82/82/82 81/81/81 91/91/91
f 82/82/82 91/91/91 92/92/92
f 93/93/93 94/94/94 80/80/80
f 93/93/93 80/80/80 79/79/79
f 83/83/83 86/86/86 95/95/95
f 83/83/83 95/95/95 96/96/96
f 86/86/86 97/97/97 98/98/98
f 86/86/86 98/98/98 95/95/95
f 100/100/100 101/101/101 102/102/102
f 100/100/100 102/102/102 103/103/103
f 104/104/104 105/105/105 106/106/106
f 104/104/104 106/106/106 107/107/107
f 108/108/108 109/109/109 110/110/110
f 108/108/108 110/110/110 107/107/107
f 111/111/111 112/112/112 101/101/101
f 111/111/111 101/101/101 100/100/100
f 113/113/113 114/114/114 115/115/115
f 113/113/113 115/115/115 116/116/116
f 117/117/117 118/118/118 119/119/119
f 117/117/117 119/119/119 120/120/120
f 121/121/121 122/122/122 123/123/123
f 121/121/121 123/123/123 124/124/124
f 128/128/128 104/104/104 107/107/107
f 128/128/128 107/107/107 110/110/110
f 132/132/132 131/131/131 130/130/130
f 132/132/132 130/130/130 133/133/133
f 134/134/134 135/135/135 136/136/136
f 134/134/134 136/136/136 137/137/137
f 138/138/138 139/139/139 140/140/140
f 138/138/138 140/140/140 141/141/141
f 142/142/142 143/143/143 144/144/144
f 142/142/142 144/144/144 145/145/145
f 146/146/146 138/138/138 141/141/141
f 146/146/146 141/141/141 147/147/147
f 148/148/148 149/149/149 150/150/150
f 148/148/148 150/150/150 151/151/151
f 152/152/152 148/148/148 151/151/151
f 152/152/152 151/151/151 153/153/153
f 156/156/156 157/157/157 158/158/158
f 156/156/156 158/158/158 159/159/159
f 160/160/160 161/161/161 162/162/162
f 160/160/160 162/162/162 163/163/163
f 161/161/161 164/164/164 165/165/165
f 161/161/161 165/165/165 162/162/162
f 166/166/166 140/140/140 139/139/139
f 166/166/166 139/139/139 167/167/167
f 136/136/136 135/135/135 168/168/168
f 136/136/136 168/168/168 154/154/154
f 154/154/154 168/168/168 169/169/169
f 154/154/154 169/169/169 170/170/170
f 123/123/123 171/171/171 172/172/172
f 123/123/123 172/172/172 124/124/124
f 173/173/173 174/174/174 175/175/175
f 173/173/173 175/175/175 176/176/176
f 125/125/125 177/177/177 178/178/178
f 125/125/125 178/178/178 108/108/108
f 171/171/171 146/146/146 147/147/147
f 171/171/171 147/147/147 172/172/172
f 174/174/174 142/142/142 145/145/145
f 174/174/174 145/145/145 175/175/175
f 177/177/177 134/134/134 137/137/137
f 177/177/177 137/137/137 178/178/178
f 179/179/179 180/180/180 181/181/181
f 179/179/179 181/181/181 182/182/182
f 155/155/155 154/154/154 183/183/183
f 155/155/155 183/183/183 184/184/184
f 185/185/185 152/152/152 153/153/153
f 185/185/185 153/153/153 186/186/186
f 187/187/187 188/188/188 184/184/184
f 187/187/187 184/184/184 183/183/183
f 189/189/189 114/114/114 190/190/190
f 189/189/189 190/190/190 191/191/191
f 119/119/119 118/118/118 192/192/192
f 119/119/119 192/192/192 193/193/193
f 207/207/207 208/208/208 209/209/209
f 207/207/207 209/209/209 210/210/210
f 211/211/211 212/212/212 213/213/213
f 211/211/211 213/213/213 214/214/214
f 215/215/215 211/211/211 214/214/214
f 215/215/215 214/214/214 216/216/216
f 217/217/217 218/218/218 219/219/219
f 217/217/217 219/219/219 220/220/220
f 221/221/221 222/222/222 223/223/223
f 221/221/221 223/223/223 224/224/224
f 218/218/218 225/225/225 226/226/226
f 218/218/218 226/226/226 219/219/219
f 227/227/227 228/228/228 229/229/229
f 227/227/227 229/229/229 230/230/230
f 231/231/231 232/232/232 233/233/233
f 231/231/231 233/233/233 234/234/234
f 212/212/212 235/235/235 236/236/236
f 212/212/212 236/236/236 213/213/213
f 225/225/225 237/237/237 238/238/238
f 225/225/225 238/238/238 226/226/226
f 239/239/239 240/240/240 241/241/241
f 239/239/239 241/241/241 242/242/242
f 235/235/235 243/243/243 244/244/244
f 235/235/235 244/244/244 236/236/236
f 245/245/245 239/239/239 242/242/242
f 245/245/245 242/242/242 246/246/246
f 247/247/247 248/248/248 249/249/249
f 247/247/247 249/249/249 250/250/250
f 232/232/232 251/251/251 252/252/252
f 232/232/232 252/252/252 233/233/233
f 243/243/243 247/247/247 250/250/250
f 243/243/243 250/250/250 244/244/244
f 253/253/253 254/254/254 255/255/255
f 253/253/253 255/255/255 256/256/256
f 257/257/257 258/258/258 259/259/259
f 257/257/257 259/259/259 260/260/260
f 261/261/261 262/262/262 263/263/263
f 261/261/261 263/263/263 264/264/264
f 258/258/258 265/265/265 266/266/266
f 258/258/258 266/266/266 259/259/259
f 248/248/248 267/267/267 268/268/268
f 248/248/248 268/268/268 249/249/249
f 269/269/269 270/270/270 271/271/271
f 269/269/269 271/271/271 272/272/272
f 273/273/273 274/274/274 275/275/275
f 273/273/273 275/275/275 276/276/276
f 267/267/267 277/277/277 278/278/278
f 267/267/267 278/278/278 268/268/268
f 279/279/279 266/266/266 265/265/265
f 279/279/279 265/265/265 280/280/280
f 269/269/269 281/281/281 282/282/282
f 269/269/269 282/282/282 270/270/270
f 270/270/270 282/282/282 283/283/283
f 270/270/270 283/283/283 284/284/284
f 187/187/187 286/286/286 287/287/287
f 187/187/187 287/287/287 188/188/188
f 149/149/149 288/288/288 289/289/289
f 149/149/149 289/289/289 150/150/150
f 19/19/19 20/20/20 290/290/290
f 19/19/19 290/290/290 291/291/291
f 4/4/4 3/3/3 292/292/292
f 4/4/4 292/292/292 293/293/293
f 157/157/157 294/294/294 295/295/295
f 157/157/157 295/295/295 158/158/158
f 10/10/10 9/9/9 296/296/296
f 10/10/10 296/296/296 297/297/297
f 305/305/305 306/306/306 307/307/307
f 305/305/305 307/307/307 308/308/308
f 314/314/314 300/300/300 304/304/304
f 314/314/314 304/304/304 315/315/315
f 316/316/316 317/317/317 318/318/318
f 316/316/316 318/318/318 319/319/319
f 320/320/320 321/321/321 322/322/322
f 320/320/320 322/322/322 323/323/323
f 324/324/324 325/325/325 326/326/326
f 324/324/324 326/326/326 327/327/327
f 331/331/331 310/310/310 306/306/306
f 331/331/331 306/306/306 305/305/305
f 335/335/335 336/336/336 334/334/334
f 335/335/335 334/334/334 333/333/333
f 337/337/337 338/338/338 339/339/339
f 337/337/337 339/339/339 340/340/340
f 341/341/341 342/342/342 343/343/343
f 341/341/341 343/343/343 344/344/344
f 345/345/345 346/346/346 347/347/347
f 345/345/345 347/347/347 348/348/348
f 349/349/349 350/350/350 342/342/342
f 349/349/349 342/342/342 341/341/341
f 353/353/353 354/354/354 355/355/355
f 353/353/353 355/355/355 356/356/356
f 356/356/356 355/355/355 357/357/357
f 356/356/356 357/357/357 358/358/358
f 359/359/359 360/360/360 344/344/344
f 359/359/359 344/344/344 343/343/343
f 339/339/339 351/351/351 361/361/361
f 339/339/339 361/361/361 340/340/340
f 351/351/351 362/362/362 363/363/363
f 351/351/351 363/363/363 361/361/361
f 326/326/326 325/325/325 364/364/364
f 326/326/326 364/364/364 365/365/365
f 366/366/366 367/367/367 368/368/368
f 366/366/366 368/368/368 369/369/369
f 328/328/328 309/309/309 370/370/370
f 328/328/328 370/370/370 371/371/371
f 365/365/365 364/364/364 350/350/350
f 365/365/365 350/350/350 349/349/349
f 369/369/369 368/368/368 346/346/346
f 369/369/369 346/346/346 345/345/345
f 371/371/371 370/370/370 338/338/338
f 371/371/371 338/338/338 337/337/337
f 372/372/372 373/373/373 374/374/374
f 372/372/372 374/374/374 375/375/375
f 376/376/376 377/377/377 378/378/378
f 376/376/376 378/378/378 319/319/319
f 322/322/322 379/379/379 380/380/380
f 322/322/322 380/380/380 323/323/323
f 394/394/394 395/395/395 396/396/396
f 394/394/394 396/396/396 397/397/397
f 107/107/107 125/125/125 108/108/108
f 125/125/125 107/107/107 127/127/127
f 127/127/127 107/107/107 126/126/126
f 126/126/126 107/107/107 106/106/106
f 203/203/203 201/201/201 202/202/202
f 201/201/201 203/203/203 200/200/200
f 200/200/200 203/203/203 199/199/199
f 199/199/199 203/203/203 198/198/198
f 198/198/198 203/203/203 197/197/197
f 300/300/300 303/303/303 304/304/304
f 303/303/303 300/300/300 302/302/302
f 302/302/302 300/300/300 301/301/301
f 306/306/306 313/313/313 309/309/309
f 313/313/313 306/306/306 312/312/312
f 312/312/312 306/306/306 311/311/311
f 311/311/311 306/306/306 310/310/310
f 329/329/329 309/309/309 328/328/328
f 309/309/309 329/329/329 306/306/306
f 306/306/306 329/329/329 330/330/330
f 306/306/306 330/330/330 307/307/307
f 339/339/339 398/398/398 399/399/399
f 386/386/386 384/384/384 385/385/385
f 384/384/384 386/386/386 390/390/390
f 390/390/390 386/386/386 387/387/387
f 390/390/390 387/387/387 388/388/388
f 390/390/390 388/388/388 389/389/389
#289 polygons

g Object_5

#
# object Object_5
#

v -0.003247462 0.020533545 0.4723117
v 0 0.022907658 0.4723117
v -0.003247462 0.020533543 0.4431474
v 0 0.020129742 0.4723117
v -0.0023920026 0.01935602 0.4723117
v -3.2943488E-11 0.016078472 0.3006383
v -0.0038636015 0.014826563 0.4723117
v -0.0023920026 0.012800926 0.4723117
v -3.2943488E-11 0.016078472 0.3006383
v -0.0038636015 0.017330384 0.4723117
v -0.0038636015 0.014826563 0.4723117
v -3.2943488E-11 0.016078472 0.3006383
v -0.0023920026 0.01935602 0.4723117
v -0.0038636015 0.017330384 0.4723117
v -3.2943488E-11 0.016078472 0.3006383
v -0.0023920026 0.012800926 0.4723117
v 0 0.012027204 0.4723117
v -3.2943488E-11 0.016078472 0.3006383
v 0 0.021585198 -0.08647723
v 0 0.014376738 -0.08647723
v -0.003247462 0.020533498 -0.08647723
v 0 -0.040406793 -0.068818584
v -0.0018985111 -0.04045364 -0.06894932
v 0 -0.04272522 -0.06694455
v -0.0018985111 -0.04104442 -0.06965707
v 0 -0.04110298 -0.069831386
v 0 -0.04296151 -0.0672883
v -0.0018006264 0.02814312 0.05721135
v -0.0026405803 0.024376584 0.05721135
v -0.004156803 0.020533517 0.13853478
v -0.003247462 0.020533511 0.057211354
v -0.003247462 0.020533545 0.4723117
v 0 0.021585247 0.4723117
v 0 0.022907658 0.4723117
v 0 0.021585243 0.4431474
v -0.008009739 0.075986795 0.009247106
v -0.0055767046 0.075986795 0.014795562
v -0.0055767046 0.075986795 0.0036986524
v -0.0069591594 0.04712282 0.0065673566
v -0.0034229185 0.045761626 0.009315263
v -0.006845837 0.04706021 0.009315262
v -0.0047044954 0.062235508 0.0045664427
v -0.007025588 0.0596704 0.0065673566
v -0.006845837 0.059600387 0.009315261
v 0.003247462 0.020533545 0.4723117
v 0.003247462 0.020533543 0.4431474
v 0 0.022907658 0.4723117
v 0 0.020129742 0.4723117
v -3.2943488E-11 0.016078472 0.3006383
v 0.0023920026 0.01935602 0.4723117
v 0.0038636015 0.014826563 0.4723117
v -3.2943488E-11 0.016078472 0.3006383
v 0.0023920026 0.012800926 0.4723117
v 0.0038636015 0.017330384 0.4723117
v -3.2943488E-11 0.016078472 0.3006383
v 0.0038636015 0.014826563 0.4723117
v 0.0023920026 0.01935602 0.4723117
v -3.2943488E-11 0.016078472 0.3006383
v 0.0038636015 0.017330384 0.4723117
v 0.0023920026 0.012800926 0.4723117
v -3.2943488E-11 0.016078472 0.3006383
v 0 0.012027204 0.4723117
v 0 0.021585198 -0.08647723
v 0.003247462 0.020533498 -0.08647723
v 0 0.014376738 -0.08647723
v 0 -0.040406793 -0.068818584
v 0 -0.04272522 -0.06694455
v 0.0018985111 -0.04045364 -0.06894932
v 0.0018985111 -0.04104442 -0.06965707
v 0.0018006264 0.02814312 0.05721135
v 0.004156803 0.020533517 0.13853478
v 0.0026405803 0.024376584 0.05721135
v 0.003247462 0.020533511 0.057211354
v 0.003247462 0.020533545 0.4723117
v 0 0.021585243 0.4431474
v 0.008009739 0.075986795 0.009247106
v 0.0055767046 0.075986795 0.0036986524
v 0.0055767046 0.075986795 0.014795562
v -0.010949847 0.01437674 -0.067880265
v -0.014456757 0.01437674 -0.067880265
v -0.016185151 0.016982904 -0.067880265
v -0.010949847 0.014376741 -0.059484858
v -0.016185151 0.016982904 -0.059484858
v -0.014456757 0.014376741 -0.059484866
v -0.02952956 -0.012078361 -0.06970503
v -0.027908063 -0.007870672 -0.06497205
v -0.034060966 -0.010021762 -0.06546605
v -0.027908063 -0.007870672 -0.06497205
v -0.02952956 -0.012078361 -0.06970503
v -0.02576416 -0.006258187 -0.0714336
v -0.02952956 -0.012078361 -0.06970503
v -0.034060966 -0.010021762 -0.06546605
v -0.035518896 -0.010531462 -0.071818225
v -0.02952956 -0.012078361 -0.06970503
v -0.035518896 -0.010531462 -0.071818225
v -0.030266926 -0.008695345 -0.07525001
v -0.02952956 -0.012078361 -0.06970503
v -0.030266926 -0.008695345 -0.07525001
v -0.02576416 -0.006258187 -0.0714336
v -0.034060966 -0.010021762 -0.06546605
v -0.027908063 -0.007870672 -0.06497205
v -0.032895282 -0.0037232523 -0.06416005
v -0.035518896 -0.010531462 -0.071818225
v -0.034060966 -0.010021762 -0.06546605
v -0.03759898 -0.0053676907 -0.06839125
v -0.030266926 -0.008695345 -0.07525001
v -0.035518896 -0.010531462 -0.071818225
v -0.035254154 -0.0045479275 -0.074438006
v -0.02576416 -0.006258187 -0.0714336
v -0.030266926 -0.008695345 -0.07525001
v -0.029101236 -0.002396834 -0.07394401
v -0.027908063 -0.007870672 -0.06497205
v -0.02735983 -0.0021686193 -0.06781666
v -0.032895282 -0.0037232523 -0.06416005
v -0.034060966 -0.010021762 -0.06546605
v -0.032895282 -0.0037232523 -0.06416005
v -0.03759898 -0.0053676907 -0.06839125
v -0.035518896 -0.010531462 -0.071818225
v -0.03759898 -0.0053676907 -0.06839125
v -0.035254154 -0.0045479275 -0.074438006
v -0.030266926 -0.008695345 -0.07525001
v -0.035254154 -0.0045479275 -0.074438006
v -0.029101236 -0.002396834 -0.07394401
v -0.032895282 -0.0037232523 -0.06416005
v -0.02735983 -0.0021686193 -0.06781666
v -0.03363266 -0.00034023775 -0.06970503
v -0.03759898 -0.0053676907 -0.06839125
v -0.032895282 -0.0037232523 -0.06416005
v -0.03363266 -0.00034023775 -0.06970503
v -0.035254154 -0.0045479275 -0.074438006
v -0.03759898 -0.0053676907 -0.06839125
v -0.03363266 -0.00034023775 -0.06970503
v -0.029101236 -0.002396834 -0.07394401
v -0.035254154 -0.0045479275 -0.074438006
v -0.03363266 -0.00034023775 -0.06970503
v -0.02735983 -0.0021686193 -0.06781666
v -0.029101236 -0.002396834 -0.07394401
v -0.03363266 -0.00034023775 -0.06970503
v -0.027076347 -0.0024501025 -0.07184837
v -0.025965076 -0.0054654614 -0.068041466
v -0.025965076 -0.0054654614 -0.068041466
v -0.027076347 -0.0024501025 -0.07184837
v 0 -0.021553583 -0.33312342
v -0.012488138 -0.021531696 -0.3330673
v 0 -0.012556708 -0.3349741
v 0.012488138 -0.021531696 -0.3330673
v 0 0.010571697 0.4431474
v 0 0.0105717005 0.4723117
v -0.0032474622 0.011623399 0.4723117
v -0.0032474622 0.011623397 0.4431474
v -0.0032474622 0.011623397 0.4431474
v -0.0032474622 0.011623399 0.4723117
v -0.005247765 0.0143767875 0.4723117
v -0.005247765 0.014376785 0.4431474
v -0.005247765 0.014376785 0.4431474
v -0.005247765 0.0143767875 0.4723117
v -0.0052477648 0.017780159 0.4723117
v -0.0052477648 0.017780157 0.4431474
v -0.0052477648 0.017780157 0.4431474
v -0.0052477648 0.017780159 0.4723117
v 0 0.012027204 0.4723117
v -0.0023920026 0.012800926 0.4723117
v -0.0032474622 0.011623399 0.4723117
v 0 0.0105717005 0.4723117
v -0.0038636015 0.014826563 0.4723117
v -0.005247765 0.0143767875 0.4723117
v -0.0038636015 0.017330384 0.4723117
v -0.0052477648 0.017780159 0.4723117
v -0.0023920026 0.01935602 0.4723117
v 0 0.020129742 0.4723117
v -0.004156803 0.020533517 0.13853478
v -0.003247462 0.020533526 0.25609544
v 0 0.021585226 0.25609544
v 0 0.021585215 0.13853478
v -0.010949847 0.014376749 0.024188055
v -0.010949847 0.014376766 0.25609544
v -0.0052477648 0.01778014 0.25609544
v -0.0052477648 0.017780121 0.024188055
v -0.010949847 0.014376738 -0.08647723
v -0.010949847 0.01437674 -0.067880265
v -0.0052477648 0.017780114 -0.06788025
v -0.0052477648 0.017780112 -0.08647723
v -0.0032474622 0.0205335 -0.067880236
v -0.003247462 0.020533498 -0.08647723
v -0.0032474622 0.020533504 -0.028597625
v -0.003247462 0.020533508 0.024188055
v 0 0.021585207 0.024188055
v 0 0.021585204 -0.028597625
v -0.010949847 0.014376738 -0.08647723
v -0.0052477648 0.017780112 -0.08647723
v -0.014433738 -0.017468 -0.32354727
v 0 -0.009555639 -0.33371097
v 0 -0.012556708 -0.3349741
v -0.012488138 -0.021531696 -0.3330673
v 0 -0.071174085 -0.3257537
v -0.013162408 -0.070994884 -0.3257487
v 0 -0.09496671 -0.32557136
v -0.011044399 -0.08355571 -0.32536623
v 0 -0.099070966 -0.32099855
v -0.013323005 -0.08557146 -0.31775594
v -0.011044399 -0.08355571 -0.32536623
v 0 -0.09496671 -0.32557136
v -0.0026561578 -0.027932508 -0.072684586
v 0 -0.02853717 -0.07429605
v 0 -0.03323985 -0.07349029
v -0.0020850918 -0.033407837 -0.07303058
v 0 -0.037742294 -0.07200972
v -0.0018985111 -0.03779148 -0.07178324
v -0.0026561578 -0.027722929 -0.06993737
v -0.0026561578 -0.027932508 -0.072684586
v -0.0020850918 -0.033407837 -0.07303058
v -0.0020850918 -0.03292892 -0.07193488
v 0 -0.027583415 -0.069333225
v -0.0026561578 -0.027722929 -0.06993737
v -0.0020850918 -0.03292892 -0.07193488
v 0 -0.032709774 -0.071644105
v 0 -0.037343852 -0.07062201
v -0.0018985111 -0.037443206 -0.07076189
v -0.0018985111 -0.03779148 -0.07178324
v -0.0018985111 -0.037443206 -0.07076189
v 0 -0.032709774 -0.071644105
v -0.0020850918 -0.03292892 -0.07193488
v -0.0018985111 -0.04104442 -0.06965707
v -0.0018985111 -0.04045364 -0.06894932
v -0.0018985111 -0.04045364 -0.06894932
v -0.0018985111 -0.04104442 -0.06965707
v 0 -0.04296151 -0.0672883
v 0 -0.04272522 -0.06694455
v -0.0032474622 0.0205335 -0.059808064
v -0.0032474622 0.020533502 -0.054902427
v 0 0.021585202 -0.054902427
v 0 0.0215852 -0.059808064
v -0.0018006264 0.02814312 0.05721135
v 0 0.028406048 0.05721135
v -0.0026405805 0.024376575 -0.05490243
v -0.0026405805 0.024376577 -0.030080136
v -0.0049448907 0.03067965 -0.028555183
v -0.0049448907 0.030679647 -0.05545636
v -0.0026405805 0.024376577 -0.030080136
v 0 0.024902426 -0.030080136
v 0 0.03067965 -0.028555183
v -0.0049448907 0.03067965 -0.028555183
v 0 0.026132425 -0.05490243
v -0.0026405805 0.024376575 -0.05490243
v -0.0049448907 0.030679647 -0.05545636
v 0 0.030679647 -0.05545636
v -0.003247462 0.020533508 0.024188055
v -0.0026405803 0.02437658 0.025545584
v 0 0.02490243 0.025545584
v 0 0.021585207 0.024188055
v -0.003247462 0.02053351 0.039518
v -0.0026405803 0.024376582 0.04024534
v -0.0026405803 0.02437658 0.025545584
v -0.003247462 0.020533508 0.024188055
v 0 0.028406048 0.05721135
v 0 0.030679658 0.0597293
v -0.0049448907 0.030679658 0.0597293
v -0.0018006264 0.02814312 0.05721135
v 0 0.021585202 -0.054902427
v -0.0032474622 0.020533502 -0.054902427
v -0.0032474622 0.020533504 -0.028597625
v 0 0.021585204 -0.028597625
v 0 0.024902426 -0.030080136
v -0.0026405805 0.024376577 -0.030080136
v -0.0032474622 0.020533502 -0.054902427
v -0.0032474622 0.020533504 -0.028597625
v -0.0049448907 0.030679658 0.0597293
v 0 0.030679658 0.0597293
v 0 0.030679658 0.0698634
v -0.0049448907 0.030679658 0.0698634
v 0 0.03067965 -0.011299429
v 0 0.030679654 0.023430508
v -0.0049448907 0.030679654 0.023430508
v -0.0049448907 0.03067965 -0.011299429
v -0.0049448907 0.030679658 0.0698634
v 0 0.030679658 0.0698634
v 0 0.03527435 0.070425585
v -0.0053380425 0.03527435 0.070425585
v -0.0053380425 0.035274338 -0.05545636
v 0 0.035274338 -0.05545636
v -0.0053380425 0.035274345 0.0597293
v -0.0053380425 0.03527435 0.070425585
v 0 0.03527435 0.070425585
v 0 0.035274345 0.0597293
v -0.0053380425 0.035274338 -0.028555185
v -0.0053380425 0.035274338 -0.05545636
v -0.0049448907 0.030679656 0.04028099
v -0.0049448907 0.030679658 0.0597293
v -0.0053380425 0.035274345 0.0597293
v -0.0053380425 0.035274345 0.04028099
v -0.0049448907 0.030679658 0.0698634
v -0.0053380425 0.03527435 0.070425585
v -0.003247462 0.020533526 0.25609544
v 0 0.021585226 0.25609544
v -0.0052477648 0.01778014 0.25609544
v -0.003247462 0.020533526 0.25609544
v -0.015284587 -0.078649394 -0.31795266
v -0.014433738 -0.017468 -0.32354727
v -0.012488138 -0.021531696 -0.3330673
v -0.013162408 -0.070994884 -0.3257487
v -0.009442799 0.05333029 -0.039757196
v -0.006845837 0.059600387 -0.039757196
v -0.006845837 0.059600387 -0.06351768
v -0.009442799 0.05333029 -0.06351768
v -0.0034229185 0.04576163 -0.039757196
v -0.006845837 0.04706021 -0.039757196
v -0.006845837 0.04706021 -0.06351768
v -0.0034229185 0.04576163 -0.06351768
v -0.0034229185 0.045761626 0.059332117
v 0 0.044463042 0.059332117
v 0 0.032752186 0.100190066
v -0.0071775583 0.035765793 0.100190066
v -0.0034229185 0.045761626 0.04049951
v 0 0.044463042 0.04049951
v -0.006845837 0.05960039 0.04049951
v -0.009442799 0.053330295 0.040499512
v -0.009442799 0.053330295 0.059332117
v -0.006845837 0.05960039 0.059332117
v -0.009442799 0.053330295 0.040499512
v -0.006845837 0.047060214 0.04049951
v -0.006845837 0.047060214 0.059332117
v -0.009442799 0.053330295 0.059332117
v 0 0.062197547 0.040499512
v -0.006845837 0.05960039 0.04049951
v -0.006845837 0.05960039 0.059332117
v 0 0.062197547 0.059332117
v -0.019800717 0.05333029 0.10019006
v -0.0143551165 0.06788122 0.10019006
v -0.0143551165 0.038779404 0.100190066
v -0.019800717 0.05333029 0.10019006
v -0.0143551165 0.06788122 0.10019006
v 0 0.07390841 0.10019006
v 0 0.032752186 0.14771098
v -0.0071775583 0.035765793 0.14771098
v -0.019800717 0.05333029 0.14771098
v -0.0143551165 0.06788122 0.14771098
v -0.0143551165 0.06788122 0.14771098
v 0 0.07390841 0.14771098
v -0.0143551165 0.038779404 0.14771098
v -0.019800717 0.05333029 0.14771098
v -0.0143551165 0.06788122 0.14771098
v -0.019800717 0.05333029 0.14771098
v -0.017077854 0.05333029 0.14605758
v -0.012381096 0.065880276 0.14605758
v -0.0071775583 0.035765793 0.14771098
v 0 0.032752186 0.14771098
v 0 0.03558195 0.14605758
v -0.006190548 0.03818115 0.14605758
v 0 0.07390841 0.14771098
v 0 0.07107864 0.14605758
v -0.0143551165 0.038779404 0.14771098
v -0.012381096 0.040780347 0.14605758
v 0 0.07107864 0.14605758
v -0.012381096 0.065880276 0.14605758
v -0.011547952 0.064848356 0.14324251
v 0 0.06961928 0.14324251
v -0.017077854 0.05333029 0.14605758
v -0.012381096 0.040780347 0.14605758
v -0.011547952 0.041812267 0.14324251
v -0.015928658 0.05333029 0.14324251
v -0.012381096 0.065880276 0.14605758
v -0.017077854 0.05333029 0.14605758
v -0.015928658 0.05333029 0.14324251
v -0.011547952 0.064848356 0.14324251
v -0.006190548 0.03818115 0.14605758
v 0 0.03558195 0.14605758
v 0 0.03704131 0.14324251
v -0.005773976 0.03942679 0.14324251
v -0.0021573717 0.028226668 0.03954012
v -0.0024664642 0.028299056 0.024229346
v -0.0021573717 0.028226668 0.03954012
v -0.0018006264 0.02814312 0.05721135
v -0.0049448907 0.030679658 0.0597293
v -0.0049448907 0.030679656 0.04028099
v -0.006845837 0.04706021 -0.039757196
v -0.009442799 0.05333029 -0.039757196
v -0.009442799 0.05333029 -0.06351768
v -0.006845837 0.04706021 -0.06351768
v -0.006845837 0.059600387 -0.039757196
v 0 0.062197547 -0.039757196
v 0 0.062197547 -0.06351768
v -0.006845837 0.059600387 -0.06351768
v 0 0.06830635 -0.07766083
v -0.011562053 0.06391996 -0.07766083
v -0.015948107 0.053330287 -0.07766083
v -0.011562053 0.04274064 -0.07766082
v -0.011562053 0.04274064 -0.07766082
v -0.0057810266 0.04054744 -0.07766082
v -0.011562053 0.06391996 -0.07766083
v -0.015948107 0.053330287 -0.07766083
v -0.011562053 0.04274064 -0.11292439
v -0.0057810266 0.04054744 -0.11292439
v 0 0.06830636 -0.1129244
v -0.011562053 0.06391997 -0.1129244
v -0.015948107 0.053330287 -0.1129244
v -0.011562053 0.04274064 -0.11292439
v -0.011562053 0.06391997 -0.1129244
v -0.015948107 0.053330287 -0.1129244
v -0.011562053 0.06391997 -0.1129244
v 0 0.06830636 -0.1129244
v 0 0.06695085 -0.11187184
v -0.010515558 0.06296148 -0.11187184
v -0.0057810266 0.04054744 -0.11292439
v -0.011562053 0.04274064 -0.11292439
v -0.010515558 0.04369912 -0.11187183
v -0.005257779 0.04170443 -0.11187183
v -0.015948107 0.053330287 -0.1129244
v -0.0145046245 0.053330287 -0.11187184
v -0.010515558 0.06296148 -0.11187184
v 0 0.06695085 -0.11187184
v 0 0.06695085 -0.10898559
v -0.010515558 0.06296148 -0.10898559
v -0.005257779 0.04170443 -0.11187183
v -0.010515558 0.04369912 -0.11187183
v -0.010515558 0.043699123 -0.10898558
v -0.005257779 0.041704435 -0.10898558
v -0.0145046245 0.053330287 -0.11187184
v -0.010515558 0.06296148 -0.11187184
v -0.010515558 0.06296148 -0.10898559
v -0.0145046245 0.05333029 -0.10898559
v -0.010515558 0.04369912 -0.11187183
v -0.0145046245 0.053330287 -0.11187184
v -0.0145046245 0.05333029 -0.10898559
v -0.010515558 0.043699123 -0.10898558
v -0.0053380425 0.035274345 0.023430506
v -0.0053380425 0.03527434 -0.011299429
v -0.0049448907 0.03067965 -0.011299429
v -0.0049448907 0.030679654 0.023430508
v 0 0.03067965 -0.028555183
v -0.0049448907 0.03067965 -0.028555183
v -0.0024664642 0.028299056 0.024229346
v -0.0049448907 0.030679654 0.023430508
v -0.006845837 0.059600387 -0.030559959
v 0 0.062197547 -0.030559959
v -0.006845837 0.04706021 -0.030559957
v -0.009442799 0.05333029 -0.030559957
v -0.009442799 0.053330295 0.018162677
v -0.006845837 0.04706021 0.018162673
v -0.006845837 0.047060214 0.024617868
v -0.009442799 0.0533303 0.024617871
v -0.009442799 0.05333029 -0.030559957
v -0.006845837 0.059600387 -0.030559959
v -0.006845837 0.059600387 0.018162671
v -0.009442799 0.053330295 0.018162677
v -0.009442799 0.0533303 0.024617871
v -0.006845837 0.05960039 0.024617866
v 0 0.044463046 -0.039757196
v 0 0.044463046 -0.030559957
v -0.0034229185 0.04576163 -0.030559957
v -0.0034229185 0.045761626 0.018162673
v 0 0.044463046 0.018162673
v 0 0.04446305 0.024617868
v -0.0034229185 0.04576163 0.024617868
v -0.006845837 0.04706021 0.018162673
v -0.006845837 0.047060214 0.024617868
v -0.006845837 0.04706021 -0.030559957
v 0 0.039709743 -0.11187183
v 0 0.039709747 -0.10898558
v 0 0.038354244 -0.11292439
v 0 0.039709743 -0.11187183
v 0 0.038354244 -0.07766082
v 0 0.038354244 -0.11292439
v 0 0.044463046 -0.06351768
v -0.012381096 0.040780347 0.14605758
v -0.011547952 0.041812267 0.14324251
v -0.0143551165 0.038779404 0.100190066
v -0.0143551165 0.038779404 0.14771098
v -0.006845837 0.047060214 0.04049951
v -0.006845837 0.047060214 0.059332117
v -0.006845837 0.04706021 -0.011607158
v -0.0034229185 0.045761626 -0.011607158
v -0.0034229185 0.045761626 -0.0015527299
v -0.006845837 0.04706021 -0.0015527309
v -0.006845837 0.04706021 0.014610893
v -0.0034229185 0.045761626 0.014610893
v 0 0.044463046 -0.011607158
v 0 0.044463046 -0.0015527307
v 0 0.044463046 0.014610893
v -0.006845837 0.05960039 -0.011607159
v -0.009442799 0.053330295 -0.011607158
v -0.009442799 0.053330295 -0.0015527295
v -0.006845837 0.05960039 -0.001552732
v -0.006845837 0.059600387 0.014610892
v -0.009442799 0.053330295 0.014610898
v -0.009442799 0.053330295 -0.011607158
v -0.006845837 0.04706021 -0.011607158
v -0.006845837 0.04706021 -0.0015527309
v -0.009442799 0.053330295 -0.0015527295
v -0.009442799 0.053330295 0.014610898
v -0.006845837 0.04706021 0.014610893
v -0.006845837 0.05960039 -0.001552732
v 0 0.06219755 -0.0015527302
v 0 0.06219755 -0.011607159
v -0.006845837 0.05960039 -0.011607159
v 0 0.044463046 0.0040196297
v -0.0034229185 0.045761626 0.0040196306
v 0 0.044463046 0.009315262
v -0.006845837 0.04706021 0.004019629
v -0.0047044954 0.062235508 0.0045664427
v 0 0.062235508 0.002627644
v -0.0047044954 0.062235508 0.013927771
v 0 0.06219755 0.018162675
v -0.006845837 0.059600387 0.018162671
v -0.006845837 0.05960039 0.024617866
v 0 0.062197555 0.02461787
v 0 0.062235508 0.015866572
v -0.0047044954 0.062235508 0.013927771
v 0 0.07051142 0.002627644
v 0 0.062235508 0.002627644
v -0.0047044954 0.062235508 0.0045664427
v -0.0047044954 0.07051142 0.0045664427
v -0.0047044954 0.07051142 0.0045664427
v -0.0047044954 0.062235508 0.0045664427
v -0.006845837 0.059600387 0.009315261
v -0.0067569977 0.07051142 0.0092471065
v -0.0067569977 0.07051142 0.0092471065
v -0.006845837 0.059600387 0.009315261
v -0.0047044954 0.062235508 0.013927771
v -0.0047044954 0.07051142 0.013927772
v -0.0047044954 0.07051142 0.013927772
v -0.0047044954 0.062235508 0.013927771
v 0 0.062235508 0.015866572
v 0 0.07051142 0.015866572
v -0.0067569977 0.07051142 0.0092471065
v -0.0047044954 0.07051142 0.013927772
v -0.0055767046 0.07051142 0.014795563
v -0.008009739 0.07051142 0.0092471065
v 0 0.07051142 0.015866572
v 0 0.07051142 0.017093815
v -0.0055767046 0.075986795 0.014795562
v -0.0055767046 0.07051142 0.014795563
v 0 0.07051142 0.017093815
v 0 0.075986795 0.017093815
v -0.008009739 0.075986795 0.009247106
v -0.008009739 0.07051142 0.0092471065
v -0.0055767046 0.07051142 0.014795563
v -0.0055767046 0.075986795 0.014795562
v -0.0055767046 0.075986795 0.0036986524
v -0.0055767046 0.07051142 0.003698652
v -0.008009739 0.07051142 0.0092471065
v -0.008009739 0.075986795 0.009247106
v 0 0.075986795 0.001400402
v 0 0.07051142 0.0014004025
v -0.0055767046 0.07051142 0.003698652
v -0.0055767046 0.075986795 0.0036986524
v -0.0047044954 0.07051142 0.0045664427
v -0.0055767046 0.07051142 0.003698652
v 0 0.075986795 0.017093815
v 0 0.075986795 0.001400402
v 0 0.07051142 0.002627644
v 0 0.07051142 0.0014004025
v -0.006845837 0.04706021 0.004019629
v -0.0069591594 0.04712282 0.0065673566
v -0.0077720373 0.048954353 0.0017296493
v -0.0077720345 0.048954353 0.0114050675
v -0.0069591594 0.04712282 0.0065673566
v -0.006845837 0.04706021 0.009315262
v -0.009732531 0.053387232 0.01340891
v -0.007818432 0.057830106 0.0114050675
v -0.009732531 0.053387232 0.01340891
v -0.0078184325 0.057830106 0.0017296494
v -0.006845837 0.05960039 0.0040196283
v -0.009734502 0.053376075 -0.00027419545
v -0.009734502 0.053376075 -0.00027419545
v -0.013864271 0.057836186 0.0021072498
v -0.013864271 0.05968362 0.0065673566
v -0.007025588 0.0596704 0.0065673566
v -0.0078184325 0.057830106 0.0017296494
v -0.013864271 0.05968362 0.0065673566
v -0.013864271 0.057836186 0.011027466
v -0.007818432 0.057830106 0.0114050675
v -0.007025588 0.0596704 0.0065673566
v -0.013864271 0.057836186 0.011027466
v -0.013864271 0.053376075 0.012874901
v -0.009732531 0.053387232 0.01340891
v -0.007818432 0.057830106 0.0114050675
v -0.013864271 0.053376075 0.012874901
v -0.013864271 0.048915964 0.0110274665
v -0.0077720345 0.048954353 0.0114050675
v -0.009732531 0.053387232 0.01340891
v -0.013864271 0.048915964 0.0110274665
v -0.013864273 0.047068533 0.0065673566
v -0.0069591594 0.04712282 0.0065673566
v -0.0077720345 0.048954353 0.0114050675
v -0.013864273 0.047068533 0.0065673566
v -0.013864273 0.048915967 0.0021072496
v -0.0077720373 0.048954353 0.0017296493
v -0.0069591594 0.04712282 0.0065673566
v -0.013864273 0.048915967 0.0021072496
v -0.013864273 0.053376075 0.00025981275
v -0.009734502 0.053376075 -0.00027419545
v -0.0077720373 0.048954353 0.0017296493
v -0.013864273 0.053376075 0.00025981275
v -0.013864271 0.057836186 0.0021072498
v -0.0078184325 0.057830106 0.0017296494
v -0.009734502 0.053376075 -0.00027419545
v -0.013864271 0.05968362 0.0065673566
v -0.013864271 0.057836186 0.0021072498
v -0.013864271 0.05838304 0.0015603936
v -0.013864271 0.06045699 0.0065673566
v -0.013864271 0.057836186 0.011027466
v -0.013864271 0.05838304 0.011574322
v -0.013864271 0.053376075 0.012874901
v -0.013864271 0.053376075 0.0136482725
v -0.013864273 0.053376075 0.00025981275
v -0.013864273 0.048915967 0.0021072496
v -0.013864273 0.048369113 0.0015603934
v -0.013864273 0.053376075 -0.0005135589
v -0.013864271 0.06045699 0.0065673566
v -0.013864271 0.05838304 0.0015603936
v -0.017252734 0.05838304 0.0015603936
v -0.017252734 0.06045699 0.0065673566
v -0.013864271 0.048369102 0.011574323
v -0.013864271 0.053376075 0.0136482725
v -0.017252734 0.053376075 0.0136482725
v -0.017252734 0.048369102 0.011574323
v -0.013864273 0.048369113 0.0015603934
v -0.013864273 0.046295162 0.006567356
v -0.017252734 0.046295162 0.006567356
v -0.017252734 0.048369113 0.0015603934
v -0.013864271 0.053376075 0.0136482725
v -0.013864271 0.05838304 0.011574322
v -0.017252734 0.05838304 0.011574322
v -0.017252734 0.053376075 0.0136482725
v -0.013864273 0.053376075 -0.0005135589
v -0.013864273 0.048369113 0.0015603934
v -0.017252734 0.048369113 0.0015603934
v -0.017252734 0.053376075 -0.0005135589
v -0.013864273 0.046295162 0.006567356
v -0.013864271 0.048369102 0.011574323
v -0.017252734 0.048369102 0.011574323
v -0.017252734 0.046295162 0.006567356
v -0.013864271 0.05838304 0.0015603936
v -0.013864273 0.053376075 -0.0005135589
v -0.017252734 0.053376075 -0.0005135589
v -0.017252734 0.05838304 0.0015603936
v -0.013864271 0.05838304 0.011574322
v -0.013864271 0.06045699 0.0065673566
v -0.017252734 0.06045699 0.0065673566
v -0.017252734 0.05838304 0.011574322
v -0.013864271 0.048915964 0.0110274665
v -0.013864271 0.048369102 0.011574323
v -0.017252734 0.05838304 0.0015603936
v -0.017252734 0.053376075 -0.0005135589
v -0.017252734 0.048369113 0.0015603934
v -0.017252734 0.046295162 0.006567356
v -0.017252734 0.06045699 0.0065673566
v -0.017252734 0.048369102 0.011574323
v -0.013864273 0.047068533 0.0065673566
v -0.013864273 0.046295162 0.006567356
v -0.017252734 0.053376075 0.0136482725
v -0.017252734 0.05838304 0.011574322
v 0 0.010571697 0.4431474
v 0.0032474622 0.011623397 0.4431474
v 0.0032474622 0.011623399 0.4723117
v 0 0.0105717005 0.4723117
v 0.0032474622 0.011623397 0.4431474
v 0.005247765 0.014376785 0.4431474
v 0.005247765 0.0143767875 0.4723117
v 0.0032474622 0.011623399 0.4723117
v 0.005247765 0.014376785 0.4431474
v 0.0052477648 0.017780157 0.4431474
v 0.0052477648 0.017780159 0.4723117
v 0.005247765 0.0143767875 0.4723117
v 0.0052477648 0.017780157 0.4431474
v 0.0052477648 0.017780159 0.4723117
v 0.0032474622 0.011623399 0.4723117
v 0.0023920026 0.012800926 0.4723117
v 0.005247765 0.0143767875 0.4723117
v 0.0038636015 0.014826563 0.4723117
v 0.0052477648 0.017780159 0.4723117
v 0.0038636015 0.017330384 0.4723117
v 0.0023920026 0.01935602 0.4723117
v 0.004156803 0.020533517 0.13853478
v 0 0.021585215 0.13853478
v 0 0.021585226 0.25609544
v 0.003247462 0.020533526 0.25609544
v 0.010949847 0.014376749 0.024188055
v 0.0052477648 0.017780121 0.024188055
v 0.0052477648 0.01778014 0.25609544
v 0.010949847 0.014376766 0.25609544
v 0.010949847 0.014376738 -0.08647723
v 0.0052477648 0.017780112 -0.08647723
v 0.0032474622 0.020533504 -0.028597625
v 0 0.021585204 -0.028597625
v 0 0.021585207 0.024188055
v 0.003247462 0.020533508 0.024188055
v 0.0052477648 0.017780112 -0.08647723
v 0.010949847 0.014376738 -0.08647723
v 0.014433738 -0.019724116 -0.32354727
v 0.012488138 -0.021531696 -0.3330673
v 0 -0.012556708 -0.3349741
v 0 -0.009555639 -0.33371097
v 0.013162408 -0.070994884 -0.3257487
v 0.011044399 -0.08355571 -0.32536623
v 0 -0.099070966 -0.32099855
v 0 -0.09496671 -0.32557136
v 0.011044399 -0.08355571 -0.32536623
v 0.013323005 -0.08557146 -0.31775594
v 0.0026561578 -0.027932508 -0.072684586
v 0.0020850918 -0.033407837 -0.07303058
v 0 -0.02853717 -0.07429605
v 0.0018985111 -0.03779148 -0.07178324
v 0.0026561578 -0.027722929 -0.06993737
v 0.0020850918 -0.03292892 -0.07193488
v 0.0020850918 -0.033407837 -0.07303058
v 0.0026561578 -0.027932508 -0.072684586
v 0 -0.027583415 -0.069333225
v 0 -0.032709774 -0.071644105
v 0.0020850918 -0.03292892 -0.07193488
v 0.0026561578 -0.027722929 -0.06993737
v 0 -0.037343852 -0.07062201
v 0.0018985111 -0.037443206 -0.07076189
v 0.0018985111 -0.037443206 -0.07076189
v 0.0018985111 -0.03779148 -0.07178324
v 0 -0.032709774 -0.071644105
v 0.0020850918 -0.03292892 -0.07193488
v 0.0018985111 -0.04045364 -0.06894932
v 0.0018985111 -0.04104442 -0.06965707
v 0.0018985111 -0.04045364 -0.06894932
v 0 -0.04272522 -0.06694455
v 0 -0.04296151 -0.0672883
v 0.0018985111 -0.04104442 -0.06965707
v 0.003247462 0.020533498 -0.08647723
v 0 0.0215852 -0.059808064
v 0 0.021585202 -0.054902427
v 0.0032474622 0.020533502 -0.054902427
v 0.0018006264 0.02814312 0.05721135
v 0 0.028406048 0.05721135
v 0.0026405805 0.024376575 -0.05490243
v 0.0049448907 0.030679647 -0.05545636
v 0.0049448907 0.03067965 -0.028555183
v 0.0026405805 0.024376577 -0.030080136
v 0.0026405805 0.024376577 -0.030080136
v 0.0049448907 0.03067965 -0.028555183
v 0 0.03067965 -0.028555183
v 0 0.024902426 -0.030080136
v 0 0.026132425 -0.05490243
v 0 0.030679647 -0.05545636
v 0.0049448907 0.030679647 -0.05545636
v 0.0026405805 0.024376575 -0.05490243
v 0.003247462 0.020533508 0.024188055
v 0 0.021585207 0.024188055
v 0 0.02490243 0.025545584
v 0.0026405803 0.02437658 0.025545584
v 0.003247462 0.02053351 0.039518
v 0.003247462 0.020533508 0.024188055
v 0.0026405803 0.02437658 0.025545584
v 0.0026405803 0.024376582 0.04024534
v 0 0.028406048 0.05721135
v 0.0018006264 0.02814312 0.05721135
v 0.0049448907 0.030679658 0.0597293
v 0 0.030679658 0.0597293
v 0 0.021585202 -0.054902427
v 0.0032474622 0.020533502 -0.054902427
v 0.0032474622 0.020533504 -0.028597625
v 0.0026405805 0.024376577 -0.030080136
v 0 0.024902426 -0.030080136
v 0 0.021585204 -0.028597625
v 0.0032474622 0.020533502 -0.054902427
v 0.0032474622 0.020533504 -0.028597625
v 0.0049448907 0.030679658 0.0597293
v 0.0049448907 0.030679658 0.0698634
v 0 0.030679658 0.0698634
v 0 0.030679658 0.0597293
v 0 0.03067965 -0.011299429
v 0.0049448907 0.03067965 -0.011299429
v 0.0049448907 0.030679654 0.023430508
v 0 0.030679654 0.023430508
v 0.0049448907 0.030679658 0.0698634
v 0.0053380425 0.03527435 0.070425585
v 0 0.03527435 0.070425585
v 0 0.030679658 0.0698634
v 0 0.035274338 -0.05545636
v 0.0053380425 0.035274338 -0.05545636
v 0.0053380425 0.035274345 0.0597293
v 0 0.035274345 0.0597293
v 0 0.03527435 0.070425585
v 0.0053380425 0.03527435 0.070425585
v 0.0053380425 0.035274338 -0.028555185
v 0.0053380425 0.035274338 -0.05545636
v 0.0049448907 0.030679656 0.04028099
v 0.0053380425 0.035274345 0.04028099
v 0.0053380425 0.035274345 0.0597293
v 0.0049448907 0.030679658 0.0597293
v 0.0053380425 0.03527435 0.070425585
v 0.0049448907 0.030679658 0.0698634
v 0.003247462 0.020533526 0.25609544
v 0 0.021585226 0.25609544
v 0.0052477648 0.01778014 0.25609544
v 0.003247462 0.020533526 0.25609544
v 0.015284587 -0.078649394 -0.31795266
v 0.013162408 -0.070994884 -0.3257487
v 0.012488138 -0.021531696 -0.3330673
v 0.014433738 -0.019724116 -0.32354727
v 0.009442799 0.05333029 -0.039757196
v 0.009442799 0.05333029 -0.06351768
v 0.006845837 0.059600387 -0.06351768
v 0.006845837 0.059600387 -0.039757196
v 0.0034229185 0.04576163 -0.039757196
v 0.0034229185 0.04576163 -0.06351768
v 0.006845837 0.04706021 -0.06351768
v 0.006845837 0.04706021 -0.039757196
v 0.0034229185 0.045761626 0.059332117
v 0.0071775583 0.035765793 0.100190066
v 0 0.032752186 0.100190066
v 0 0.044463042 0.059332117
v 0.0034229185 0.045761626 0.04049951
v 0 0.044463042 0.04049951
v 0.006845837 0.05960039 0.04049951
v 0.006845837 0.05960039 0.059332117
v 0.009442799 0.053330295 0.059332117
v 0.009442799 0.053330295 0.040499512
v 0.009442799 0.053330295 0.040499512
v 0.009442799 0.053330295 0.059332117
v 0.006845837 0.047060214 0.059332117
v 0.006845837 0.047060214 0.04049951
v 0 0.062197547 0.040499512
v 0 0.062197547 0.059332117
v 0.006845837 0.05960039 0.059332117
v 0.006845837 0.05960039 0.04049951
v 0.0143551165 0.06788122 0.10019006
v 0.019800717 0.05333029 0.10019006
v 0.019800717 0.05333029 0.10019006
v 0.0143551165 0.038779404 0.100190066
v 0 0.07390841 0.10019006
v 0.0143551165 0.06788122 0.10019006
v 0.0071775583 0.035765793 0.14771098
v 0 0.032752186 0.14771098
v 0.0143551165 0.06788122 0.14771098
v 0.019800717 0.05333029 0.14771098
v 0 0.07390841 0.14771098
v 0.0143551165 0.06788122 0.14771098
v 0.019800717 0.05333029 0.14771098
v 0.0143551165 0.038779404 0.14771098
v 0.0143551165 0.06788122 0.14771098
v 0.012381096 0.065880276 0.14605758
v 0.017077854 0.05333029 0.14605758
v 0.019800717 0.05333029 0.14771098
v 0.0071775583 0.035765793 0.14771098
v 0.006190548 0.03818115 0.14605758
v 0.012381096 0.040780347 0.14605758
v 0.0143551165 0.038779404 0.14771098
v 0 0.07107864 0.14605758
v 0 0.06961928 0.14324251
v 0.011547952 0.064848356 0.14324251
v 0.012381096 0.065880276 0.14605758
v 0.017077854 0.05333029 0.14605758
v 0.015928658 0.05333029 0.14324251
v 0.011547952 0.041812267 0.14324251
v 0.012381096 0.040780347 0.14605758
v 0.012381096 0.065880276 0.14605758
v 0.011547952 0.064848356 0.14324251
v 0.015928658 0.05333029 0.14324251
v 0.017077854 0.05333029 0.14605758
v 0.006190548 0.03818115 0.14605758
v 0.005773976 0.03942679 0.14324251
v 0 0.03704131 0.14324251
v 0 0.03558195 0.14605758
v 0.0021573717 0.028226668 0.03954012
v 0.0024664642 0.028299056 0.024229346
v 0.0021573717 0.028226668 0.03954012
v 0.0049448907 0.030679656 0.04028099
v 0.0049448907 0.030679658 0.0597293
v 0.0018006264 0.02814312 0.05721135
v 0.006845837 0.04706021 -0.039757196
v 0.006845837 0.04706021 -0.06351768
v 0.009442799 0.05333029 -0.06351768
v 0.009442799 0.05333029 -0.039757196
v 0.006845837 0.059600387 -0.039757196
v 0.006845837 0.059600387 -0.06351768
v 0 0.062197547 -0.06351768
v 0 0.062197547 -0.039757196
v 0.011562053 0.06391996 -0.07766083
v 0 0.06830635 -0.07766083
v 0.011562053 0.04274064 -0.07766082
v 0.015948107 0.053330287 -0.07766083
v 0.0057810266 0.04054744 -0.07766082
v 0.011562053 0.04274064 -0.07766082
v 0.015948107 0.053330287 -0.07766083
v 0.011562053 0.06391996 -0.07766083
v 0.0057810266 0.04054744 -0.11292439
v 0.011562053 0.04274064 -0.11292439
v 0.011562053 0.06391997 -0.1129244
v 0 0.06830636 -0.1129244
v 0.011562053 0.04274064 -0.11292439
v 0.015948107 0.053330287 -0.1129244
v 0.015948107 0.053330287 -0.1129244
v 0.011562053 0.06391997 -0.1129244
v 0.011562053 0.06391997 -0.1129244
v 0.010515558 0.06296148 -0.11187184
v 0.0057810266 0.04054744 -0.11292439
v 0.005257779 0.04170443 -0.11187183
v 0.010515558 0.04369912 -0.11187183
v 0.011562053 0.04274064 -0.11292439
v 0.015948107 0.053330287 -0.1129244
v 0.0145046245 0.053330287 -0.11187184
v 0.010515558 0.06296148 -0.11187184
v 0.010515558 0.06296148 -0.10898559
v 0 0.06695085 -0.10898559
v 0 0.06695085 -0.11187184
v 0.005257779 0.04170443 -0.11187183
v 0.005257779 0.041704435 -0.10898558
v 0.010515558 0.043699123 -0.10898558
v 0.010515558 0.04369912 -0.11187183
v 0.0145046245 0.053330287 -0.11187184
v 0.0145046245 0.05333029 -0.10898559
v 0.010515558 0.06296148 -0.10898559
v 0.010515558 0.06296148 -0.11187184
v 0.010515558 0.04369912 -0.11187183
v 0.010515558 0.043699123 -0.10898558
v 0.0145046245 0.05333029 -0.10898559
v 0.0145046245 0.053330287 -0.11187184
v 0.0053380425 0.035274345 0.023430506
v 0.0049448907 0.030679654 0.023430508
v 0.0049448907 0.03067965 -0.011299429
v 0.0053380425 0.03527434 -0.011299429
v 0 0.03067965 -0.028555183
v 0.0049448907 0.03067965 -0.028555183
v 0.0024664642 0.028299056 0.024229346
v 0.0049448907 0.030679654 0.023430508
v 0 0.062197547 -0.030559959
v 0.006845837 0.059600387 -0.030559959
v 0.009442799 0.05333029 -0.030559957
v 0.006845837 0.04706021 -0.030559957
v 0.009442799 0.053330295 0.018162677
v 0.009442799 0.0533303 0.024617871
v 0.006845837 0.047060214 0.024617868
v 0.006845837 0.04706021 0.018162673
v 0.006845837 0.059600387 -0.030559959
v 0.009442799 0.05333029 -0.030559957
v 0.006845837 0.059600387 0.018162671
v 0.006845837 0.05960039 0.024617866
v 0.009442799 0.0533303 0.024617871
v 0.009442799 0.053330295 0.018162677
v 0.0034229185 0.04576163 -0.030559957
v 0 0.044463046 -0.030559957
v 0 0.044463046 -0.039757196
v 0.0034229185 0.045761626 0.018162673
v 0.0034229185 0.04576163 0.024617868
v 0 0.04446305 0.024617868
v 0 0.044463046 0.018162673
v 0.006845837 0.04706021 0.018162673
v 0.006845837 0.047060214 0.024617868
v 0.006845837 0.04706021 -0.030559957
v 0 0.039709743 -0.11187183
v 0 0.039709747 -0.10898558
v 0 0.038354244 -0.07766082
v 0 0.038354244 -0.11292439
v 0 0.044463046 -0.06351768
v 0.012381096 0.040780347 0.14605758
v 0.011547952 0.041812267 0.14324251
v 0.0143551165 0.038779404 0.100190066
v 0.0143551165 0.038779404 0.14771098
v 0.006845837 0.047060214 0.04049951
v 0.006845837 0.047060214 0.059332117
v 0.006845837 0.04706021 -0.011607158
v 0.006845837 0.04706021 -0.0015527309
v 0.0034229185 0.045761626 -0.0015527299
v 0.0034229185 0.045761626 -0.011607158
v 0.006845837 0.04706021 0.014610893
v 0.0034229185 0.045761626 0.014610893
v 0 0.044463046 -0.0015527307
v 0 0.044463046 -0.011607158
v 0 0.044463046 0.014610893
v 0.006845837 0.05960039 -0.011607159
v 0.006845837 0.05960039 -0.001552732
v 0.009442799 0.053330295 -0.0015527295
v 0.009442799 0.053330295 -0.011607158
v 0.006845837 0.059600387 0.014610892
v 0.009442799 0.053330295 0.014610898
v 0.009442799 0.053330295 -0.011607158
v 0.009442799 0.053330295 -0.0015527295
v 0.006845837 0.04706021 -0.0015527309
v 0.006845837 0.04706021 -0.011607158
v 0.009442799 0.053330295 0.014610898
v 0.006845837 0.04706021 0.014610893
v 0.006845837 0.05960039 -0.001552732
v 0.006845837 0.05960039 -0.011607159
v 0 0.06219755 -0.011607159
v 0 0.06219755 -0.0015527302
v 0.0034229185 0.045761626 0.0040196306
v 0 0.044463046 0.0040196297
v 0.0034229185 0.045761626 0.009315263
v 0 0.044463046 0.009315262
v 0.006845837 0.04706021 0.004019629
v 0.006845837 0.04706021 0.009315262
v 0.0047044954 0.062235508 0.0045664427
v 0 0.062235508 0.002627644
v 0.006845837 0.059600387 0.009315261
v 0.0047044954 0.062235508 0.013927771
v 0 0.06219755 0.018162675
v 0 0.062197555 0.02461787
v 0.006845837 0.05960039 0.024617866
v 0.006845837 0.059600387 0.018162671
v 0.0047044954 0.062235508 0.013927771
v 0 0.062235508 0.015866572
v 0 0.07051142 0.002627644
v 0.0047044954 0.07051142 0.0045664427
v 0.0047044954 0.062235508 0.0045664427
v 0 0.062235508 0.002627644
v 0.0047044954 0.07051142 0.0045664427
v 0.0067569977 0.07051142 0.0092471065
v 0.006845837 0.059600387 0.009315261
v 0.0047044954 0.062235508 0.0045664427
v 0.0067569977 0.07051142 0.0092471065
v 0.0047044954 0.07051142 0.013927772
v 0.0047044954 0.062235508 0.013927771
v 0.006845837 0.059600387 0.009315261
v 0.0047044954 0.07051142 0.013927772
v 0 0.07051142 0.015866572
v 0 0.062235508 0.015866572
v 0.0047044954 0.062235508 0.013927771
v 0.0067569977 0.07051142 0.0092471065
v 0.008009739 0.07051142 0.0092471065
v 0.0055767046 0.07051142 0.014795563
v 0.0047044954 0.07051142 0.013927772
v 0 0.07051142 0.017093815
v 0 0.07051142 0.015866572
v 0.0055767046 0.075986795 0.014795562
v 0 0.075986795 0.017093815
v 0 0.07051142 0.017093815
v 0.0055767046 0.07051142 0.014795563
v 0.008009739 0.075986795 0.009247106
v 0.0055767046 0.075986795 0.014795562
v 0.0055767046 0.07051142 0.014795563
v 0.008009739 0.07051142 0.0092471065
v 0.0055767046 0.075986795 0.0036986524
v 0.008009739 0.075986795 0.009247106
v 0.008009739 0.07051142 0.0092471065
v 0.0055767046 0.07051142 0.003698652
v 0 0.075986795 0.001400402
v 0.0055767046 0.075986795 0.0036986524
v 0.0055767046 0.07051142 0.003698652
v 0 0.07051142 0.0014004025
v 0.0047044954 0.07051142 0.0045664427
v 0.0055767046 0.07051142 0.003698652
v 0 0.075986795 0.001400402
v 0 0.075986795 0.017093815
v 0 0.07051142 0.002627644
v 0 0.07051142 0.0014004025
v 0.009442799 0.053330295 0.009223022
v 0.006845837 0.04706021 0.009315262
v 0.006845837 0.04706021 0.004019629
v 0.009442799 0.053330295 0.0038351468
v 0.009442799 0.053330295 0.009223022
v 0.0047044954 0.062235508 0.0045664427
v 0.006845837 0.05960039 0.0040196283
v 0.009442799 0.053330295 0.0038351468
v -0.003247462 0.020533498 -0.08647723
v -0.0032474622 0.0205335 -0.067880236
v 0 0.0215852 -0.067880236
v 0 0.021585198 -0.08647723
v -0.0052477648 0.017780114 -0.059808064
v -0.0032474622 0.0205335 -0.059808064
v -0.004765426 0.021279832 -0.059808064
v -0.008383895 0.021603834 -0.059808064
v 0 0.0215852 -0.067880236
v 0 0.021585198 -0.08647723
v -0.0052477648 0.017780118 -0.016005168
v -0.010949847 0.0143767465 -0.015843565
v -0.004765426 0.021279832 -0.067880236
v -0.008383895 0.021603834 -0.06788025
v -0.008383895 0.021603834 -0.059808064
v -0.004765426 0.021279832 -0.059808064
v -0.008383895 0.021603834 -0.06788025
v -0.016185151 0.016982904 -0.067880265
v -0.016185151 0.016982904 -0.059484858
v -0.008383895 0.021603834 -0.059808064
v -0.0032474622 0.0205335 -0.067880236
v -0.0052477648 0.017780114 -0.06788025
v -0.008383895 0.021603834 -0.06788025
v -0.004765426 0.021279832 -0.067880236
v -0.0032474622 0.0205335 -0.059808064
v -0.0032474622 0.0205335 -0.067880236
v -0.021195175 0.0040859138 -0.059484858
v -0.018938014 0.0019215803 -0.059484866
v -0.021195175 0.0040859133 -0.067880265
v -0.018938014 0.0019215796 -0.067880265
v -0.016185151 0.016982904 -0.059484858
v -0.016185151 0.016982904 -0.067880265
v -0.021195175 0.0040859133 -0.067880265
v -0.021195175 0.0040859138 -0.059484858
v -0.014456757 0.01437674 -0.067880265
v -0.014456757 0.014376741 -0.059484866
v -0.018938014 0.0019215803 -0.059484866
v -0.018938014 0.0019215796 -0.067880265
v -0.027076347 -0.0024501025 -0.07184837
v -0.02735983 -0.0021686193 -0.06781666
v -0.018938014 0.0019215803 -0.059484866
v -0.021195175 0.0040859138 -0.059484858
v -0.02735983 -0.0021686193 -0.06781666
v -0.025965076 -0.0054654614 -0.068041466
v -0.010949847 0.0143767465 -0.015843565
v -0.0052477648 0.017780118 -0.016005168
v -0.004482439 0.016497679 -0.016005168
v -0.010184522 0.013094308 -0.015843565
v -0.004482439 0.016497675 -0.059808064
v -0.010184522 0.013094302 -0.059484858
v -0.010184522 0.013094308 -0.015843565
v -0.004482439 0.016497679 -0.016005168
v -0.010949847 0.014376741 -0.059484858
v -0.010949847 0.0143767465 -0.015843565
v -0.010184522 0.013094308 -0.015843565
v -0.010184522 0.013094302 -0.059484858
v -0.0052477648 0.017780118 -0.016005168
v -0.0052477648 0.017780114 -0.059808064
v -0.004482439 0.016497675 -0.059808064
v -0.004482439 0.016497679 -0.016005168
v -0.010184522 0.013094302 -0.059484858
v -0.004482439 0.016497675 -0.059808064
v -0.005247765 0.014376783 0.25611123
v -0.0032474622 0.011623396 0.25611123
v 0.0032474622 0.011623396 0.25611123
v 0.005247765 0.014376783 0.25611123
v -0.0032474622 0.011623396 0.25611123
v 0 0.010571684 0.2561007
v 0 0.010571684 0.2561007
v 0.0032474622 0.011623396 0.25611123
v -0.0052477648 0.01778014 0.25609544
v -0.005247765 0.014376783 0.25611123
v 0.005247765 0.014376783 0.25611123
v 0.0052477648 0.01778014 0.25609544
v 0.0052477648 0.01778014 0.25609544
v 0.005247765 0.014376783 0.25611123
v 0.008949545 0.011623379 0.25609544
v 0.010949847 0.014376766 0.25609544
v 0.0032474622 0.011623396 0.25611123
v 0 0.010571684 0.2561007
v -0.0052477648 0.01778014 0.25609544
v -0.010949847 0.014376766 0.25609544
v -0.008949545 0.011623379 0.25609544
v -0.005247765 0.014376783 0.25611123
v 0 0.010571684 0.2561007
v -0.0032474622 0.011623396 0.25611123
v -0.003247462 0.020533526 0.25609544
v 0 0.030679654 0.023430508
v -0.0024664642 0.028299056 0.024229346
v -0.0049448907 0.030679654 0.023430508
v 0 0.02490243 0.025545584
v -0.0026405803 0.02437658 0.025545584
v -0.0026690213 0.035274338 -0.028555185
v -0.0053380425 0.035274338 -0.05545636
v -0.0053380425 0.035274338 -0.028555185
v 0 0.035274338 -0.05545636
v 0 0.035274338 -0.028555185
v -0.0053380425 0.035274345 0.04028099
v -0.0026690213 0.035274345 0.04028099
v 0 0.035274345 0.04028099
v -0.0026690213 0.035274345 0.023430506
v -0.0053380425 0.03527434 -0.011299429
v -0.0053380425 0.035274345 0.023430506
v -0.0026690213 0.03527434 -0.011299429
v 0 0.035274345 0.023430506
v 0 0.03527434 -0.011299429
v 0.003247462 0.020533526 0.25609544
v 0.003247462 0.020533498 -0.08647723
v 0.0024664642 0.028299056 0.024229346
v 0 0.030679654 0.023430508
v 0.0049448907 0.030679654 0.023430508
v 0 0.02490243 0.025545584
v 0.0026405803 0.02437658 0.025545584
v 0.0026690213 0.035274338 -0.028555185
v 0 0.035274338 -0.05545636
v 0 0.035274338 -0.028555185
v 0.0053380425 0.035274338 -0.05545636
v 0.0053380425 0.035274338 -0.028555185
v 0 0.035274345 0.04028099
v 0.0026690213 0.035274345 0.04028099
v 0.0053380425 0.035274345 0.04028099
v 0.0026690213 0.035274345 0.023430506
v 0 0.03527434 -0.011299429
v 0 0.035274345 0.023430506
v 0.0026690213 0.03527434 -0.011299429
v 0.0053380425 0.035274345 0.023430506
v 0.0053380425 0.03527434 -0.011299429
v -0.0032474622 0.0205335 -0.059808064
v -0.0052477648 0.017780114 -0.059808064
# 1178 vertices

vn -0.70815897 0.7060531 -5.9515823E-08
vn -0.5710132 0.8209345 -0.0032350987
vn -0.5929278 0.80518913 -0.01034609
vn 0.30766648 -0.95122993 0.02243187
vn 0.30766648 -0.95122993 0.02243187
vn 0.30766648 -0.95122993 0.02243187
vn 0.8088355 0.5876059 0.02246167
vn 0.8088355 0.5876059 0.02246167
vn 0.8088355 0.5876059 0.02246167
vn 0.99974704 1.8959867E-09 0.022492629
vn 0.99974704 1.8959867E-09 0.022492629
vn 0.99974704 1.8959867E-09 0.022492629
vn 0.8088355 -0.5876059 0.02246177
vn 0.8088355 -0.5876059 0.02246177
vn 0.8088355 -0.5876059 0.02246177
vn 0.30766648 0.95122993 0.02243171
vn 0.30766648 0.95122993 0.02243171
vn 0.30766648 0.95122993 0.02243171
vn 0 -8.4293696E-08 -1
vn 0 -8.4293696E-08 -1
vn 0 -8.4293696E-08 -1
vn 0 0.57229435 0.82004833
vn -0.07632978 0.55619115 0.8275417
vn 0 0.62863976 0.7776966
vn -0.0864613 -0.6604997 -0.74583167
vn 0 -0.68435127 -0.72915256
vn 0 -0.80738395 -0.5900265
vn -0.9809625 0.19419049 0.0016174746
vn -0.9843928 0.175973 -0.0020753122
vn -0.8681493 0.4963033 -0.00027471466
vn -0.94190735 0.3358614 -0.0028077748
vn 0 8.4293696E-08 1
vn 0 8.4293696E-08 1
vn 0 8.4293696E-08 1
vn -0.30803016 0.95113057 -0.021638185
vn 0 1 -8.4293696E-08
vn 0 1 -8.4293696E-08
vn 0 1 -8.4293696E-08
vn -0.3568861 -0.93414795 -0.00033562732
vn -0.35515377 -0.93480796 -0.00030511478
vn -0.35469088 -0.93497765 -0.0033570025
vn -0.76200515 0.6475579 -0.0041201557
vn -0.76475793 0.643687 0.028505169
vn -0.8329603 0.5527026 0.026399055
vn 0.70815897 0.7060531 -5.9515823E-08
vn 0.5929278 0.80518913 -0.01034609
vn 0.5710132 0.8209345 -0.0032350987
vn -0.30766648 -0.95122993 0.02243187
vn -0.30766648 -0.95122993 0.02243187
vn -0.30766648 -0.95122993 0.02243187
vn -0.8088355 0.5876059 0.02246167
vn -0.8088355 0.5876059 0.02246167
vn -0.8088355 0.5876059 0.02246167
vn -0.99974704 1.8959867E-09 0.022492629
vn -0.99974704 1.8959867E-09 0.022492629
vn -0.99974704 1.8959867E-09 0.022492629
vn -0.8088355 -0.5876059 0.02246177
vn -0.8088355 -0.5876059 0.02246177
vn -0.8088355 -0.5876059 0.02246177
vn -0.30766648 0.95122993 0.02243171
vn -0.30766648 0.95122993 0.02243171
vn -0.30766648 0.95122993 0.02243171
vn 0 -8.4293696E-08 -1
vn 0 -8.4293696E-08 -1
vn 0 -8.4293696E-08 -1
vn 0 0.57229435 0.82004833
vn 0 0.62863976 0.7776966
vn 0.07632978 0.55619115 0.8275417
vn 0.0864613 -0.6604997 -0.74583167
vn 0.9809625 0.19419049 0.0016174746
vn 0.8681493 0.4963033 -0.00027471466
vn 0.9843928 0.175973 -0.0020753122
vn 0.94190735 0.3358614 -0.0028077748
vn 0 8.4293696E-08 1
vn 0.30803016 0.95113057 -0.021638185
vn 0 1 -8.4293696E-08
vn 0 1 -8.4293696E-08
vn 0 1 -8.4293696E-08
vn 0 -8.4293696E-08 -1
vn 0 -8.4293696E-08 -1
vn 0 -8.4293696E-08 -1
vn 0.02954229 0.027375532 0.99918866
vn 0.010834337 0.014130501 0.99984145
vn 0 8.4293696E-08 1
vn 0.21894659 -0.76527536 0.605323
vn 0.21894659 -0.76527536 0.605323
vn 0.21894659 -0.76527536 0.605323
vn 0.8524285 -0.49825457 0.15845512
vn 0.84981483 -0.50335777 0.15635133
vn 0.8035766 -0.58359253 0.11698103
vn -0.2946061 -0.94479656 0.14341187
vn -0.2946061 -0.94479656 0.14341187
vn -0.2946061 -0.94479656 0.14341187
vn -0.03857635 -0.8553024 -0.5166911
vn -0.03857635 -0.8553024 -0.5166911
vn -0.03857635 -0.8553024 -0.5166911
vn 0.687112 -0.57602173 -0.44280475
vn 0.687112 -0.57602173 -0.44280475
vn 0.687112 -0.57602173 -0.44280475
vn -0.008148512 -0.2015764 0.9794389
vn -0.008148512 -0.2015764 0.9794389
vn -0.008148512 -0.2015764 0.9794389
vn -0.83909506 -0.49200007 0.23206808
vn -0.83909506 -0.49200007 0.23206808
vn -0.83909506 -0.49200007 0.23206808
vn -0.42486194 -0.34722042 -0.83602065
vn -0.42486194 -0.34722042 -0.83602065
vn -0.42486194 -0.34722042 -0.83602065
vn 0.5488336 0.11313601 -0.82824033
vn 0.63217914 0.043398537 -0.77360606
vn 0.66644794 0.09518935 -0.7394499
vn 0.5383547 0.3341828 0.7736254
vn 0.5581732 0.32680407 0.76265454
vn 0.43875188 0.367 0.82024866
vn -0.6620776 -0.032716226 0.7487208
vn -0.6620776 -0.032716226 0.7487208
vn -0.6620776 -0.032716226 0.7487208
vn -0.9195885 -0.12271967 -0.37322518
vn -0.9195885 -0.12271967 -0.37322518
vn -0.9195885 -0.12271967 -0.37322518
vn 0.008148512 0.2015764 -0.9794389
vn 0.008148512 0.2015764 -0.9794389
vn 0.008148512 0.2015764 -0.9794389
vn 0.09604343 0.8553573 0.50905764
vn 0.09604343 0.8553573 0.50905764
vn 0.09604343 0.8553573 0.50905764
vn -0.63318026 0.6204539 0.4627309
vn -0.63318026 0.6204539 0.4627309
vn -0.63318026 0.6204539 0.4627309
vn -0.79232836 0.5648109 -0.23066092
vn -0.79232836 0.5648109 -0.23066092
vn -0.79232836 0.5648109 -0.23066092
vn -0.21894659 0.76527536 -0.605323
vn -0.21894659 0.76527536 -0.605323
vn -0.21894659 0.76527536 -0.605323
vn 0.25770038 0.9600591 -0.10898256
vn 0.24528497 0.9636828 -0.105597444
vn 0.31181183 0.94205815 -0.12369329
vn 0.5459984 0.16590531 -0.821195
vn 0.79536426 -0.596012 0.11029692
vn 0.71276474 0.25702873 0.6526123
vn 0.09128342 0.9938326 -0.06296153
vn 0 -0.1740814 -0.9847313
vn -0.0038454477 -0.16236342 -0.98672354
vn 0 -0.20148338 -0.979492
vn 0.0038454477 -0.16236342 -0.98672354
vn -0.30808598 -0.9513586 8.019353E-08
vn -0.30808598 -0.9513586 8.019353E-08
vn -0.30808598 -0.9513586 8.019353E-08
vn -0.30808598 -0.9513586 8.019353E-08
vn -0.8090303 -0.587767 4.954505E-08
vn -0.8090303 -0.587767 4.954505E-08
vn -0.8090303 -0.587767 4.954505E-08
vn -0.8090303 -0.587767 4.954505E-08
vn -1 0 0
vn -1 0 0
vn -1 0 0
vn -1 0 0
vn -0.8090303 0.587767 -4.954505E-08
vn -0.8090303 0.587767 -4.954505E-08
vn 0 8.4293696E-08 1
vn 0 8.4293696E-08 1
vn 0 8.4293696E-08 1
vn 0 8.4293696E-08 1
vn 0 8.4293696E-08 1
vn 0 8.4293696E-08 1
vn 0 8.4293696E-08 1
vn 0 8.4293696E-08 1
vn 0 8.4293696E-08 1
vn 0 8.4293696E-08 1
vn -0.24473058 0.9686985 0.041597098
vn -0.29068917 0.95681745 0.0005187346
vn -0.29072556 0.9568063 0.0005187451
vn 0 0.999042 0.043764267
vn -0.5125061 0.8586835 -7.238161E-08
vn -0.5125061 0.8586835 -7.238161E-08
vn -0.7458261 0.6661407 -5.6151457E-08
vn -0.6924925 0.7214251 -6.081159E-08
vn -0.5125061 0.8586835 -7.238161E-08
vn -0.5125061 0.8586835 -7.238161E-08
vn -0.6745103 0.73826545 -6.223112E-08
vn -0.6745103 0.73826545 -6.223112E-08
vn -0.8090303 0.587767 -4.954505E-08
vn -0.8090303 0.587767 -4.954505E-08
vn -0.30808598 0.9513586 -8.019353E-08
vn -0.30808598 0.9513586 -8.019353E-08
vn -0.30808598 0.9513586 -8.019353E-08
vn -0.30808598 0.9513586 -8.019353E-08
vn 0 -8.4293696E-08 -1
vn 0 -8.4293696E-08 -1
vn -0.6466204 0.6361216 -0.4209885
vn -0.6394709 0.6308644 -0.43941692
vn -0.609497 0.6082456 -0.5084788
vn -0.609497 0.6082456 -0.5084788
vn 0 -0.081151105 -0.99670184
vn -0.009644123 -0.085698485 -0.9962745
vn 0 -0.016480356 -0.9998642
vn -0.016571578 -0.016480105 -0.9997269
vn -0.6749305 -0.6009827 -0.42812225
vn -0.87004095 -0.3725172 -0.32289296
vn -0.8169942 -0.39973816 -0.41560802
vn -0.6749305 -0.6009827 -0.42812225
vn -0.40441123 -0.06387697 -0.9123439
vn -0.40441123 -0.06387697 -0.9123439
vn 0 -0.1793904 -0.983778
vn -0.27748308 -0.18330005 -0.9430824
vn 0 -0.419424 -0.9077904
vn -0.1183223 -0.42638153 -0.8967712
vn -0.9936709 -0.11057065 0.019806894
vn -0.9936709 -0.11057065 0.019806894
vn -0.9976539 -0.06637801 0.01675473
vn -0.9963646 -0.083287254 0.017914856
vn 0 -0.3916233 0.9201257
vn -0.14255579 -0.3876259 0.9107273
vn -0.14255579 -0.3876259 0.9107273
vn 0 -0.3916233 0.9201257
vn 0 0.3739782 0.92743754
vn -0.102880456 0.37383065 0.92177343
vn -0.9997635 -0.020264445 0.007904356
vn -0.9998101 -0.018158944 0.0070804637
vn 0 0.23093566 0.97296906
vn -0.12268676 0.22916795 0.96562415
vn -1 0 0
vn -1 0 0
vn -0.8448652 -0.4204946 0.33073744
vn -0.8448652 -0.4204946 0.33073744
vn -0.8448652 -0.4204946 0.33073744
vn -0.8448652 -0.4204946 0.33073744
vn -0.30808598 0.9513586 -8.019353E-08
vn -0.30808598 0.9513586 -8.019353E-08
vn -0.30808598 0.9513586 -8.019353E-08
vn -0.30808598 0.9513586 -8.019353E-08
vn -0.21473001 0.97312117 0.08322458
vn 0 0.99636304 0.08520976
vn -0.99464333 -0.1033677 8.713245E-09
vn -0.9962048 -0.0870405 7.3369653E-09
vn -0.97850615 -0.20621814 1.7382888E-08
vn -0.97712076 -0.2126856 1.7928055E-08
vn 0.016754884 -0.24174027 0.97019637
vn 0 -0.2417743 0.97033256
vn 0 -0.2417743 0.97033256
vn 0.016754884 -0.24174027 0.97019637
vn 0 -0.06653125 -0.99778444
vn 0.008209551 -0.0354629 -0.9993373
vn 0.009521999 -0.04114001 -0.9991081
vn 0 -0.04846422 -0.998825
vn -0.096441075 0.36003643 -0.92794025
vn -0.096441075 0.36003643 -0.92794025
vn 0 0.36170968 -0.9322908
vn 0 0.36170968 -0.9322908
vn -0.94178134 0.33622622 -2.834175E-08
vn -0.98937786 0.14527234 0.0052493243
vn -0.99255973 0.121647544 0.005218688
vn -0.8957721 0.44451365 -3.7469697E-08
vn 0 -0.7143934 0.6997443
vn 0 -0.7143934 0.6997443
vn 0.02783354 -0.7141195 0.69947034
vn 0.02783354 -0.7141195 0.69947034
vn 0 -8.4293696E-08 -1
vn 0 -8.4293696E-08 -1
vn -0.10394941 0.388025 0.915768
vn 0 0.3901259 0.9207616
vn 0 0.3901259 0.9207616
vn -0.10394941 0.388025 0.915768
vn -0.8904867 0.45500946 -3.835443E-08
vn -0.87807864 0.47851637 -4.0335912E-08
vn 0 -1 8.4293696E-08
vn 0 -1 8.4293696E-08
vn 0 -1 8.4293696E-08
vn 0 -1 8.4293696E-08
vn 0 -1 8.4293696E-08
vn 0 -1 8.4293696E-08
vn 0 -1 8.4293696E-08
vn 0.028443895 -0.9995954 8.425959E-08
vn 0 -0.12143495 0.99259937
vn 0 -0.12143495 0.99259937
vn 0 -0.12143495 0.99259937
vn 0 -0.12143495 0.99259937
vn 0 -8.4293696E-08 -1
vn 0 -8.4293696E-08 -1
vn 0 1 -8.4293696E-08
vn 0 1 -8.4293696E-08
vn 0 1 -8.4293696E-08
vn 0 1 -8.4293696E-08
vn -0.9963605 -0.08524013 7.1852058E-09
vn -0.9963605 -0.08524013 7.1852058E-09
vn -0.9963605 -0.08524013 7.1852058E-09
vn -0.9963605 -0.08524013 7.1852058E-09
vn -0.9963605 -0.08524013 7.1852058E-09
vn -0.9963605 -0.08524013 7.1852058E-09
vn -0.9963605 -0.08524013 7.1852058E-09
vn -0.9963605 -0.08524013 7.1852058E-09
vn -0.29068917 0.95681745 0.0005187346
vn -0.29072556 0.9568063 0.0005187451
vn -0.7458261 0.6661407 -5.6151457E-08
vn -0.8371143 0.5470282 -4.6111026E-08
vn -0.9704016 -0.12711419 -0.20533593
vn -0.99285084 -0.0038454302 -0.11929958
vn -0.9727804 -0.013580796 -0.23133099
vn -0.96049666 -0.061251827 -0.27146727
vn -0.92389566 0.3826447 -3.2254537E-08
vn -0.92389566 0.3826447 -3.2254537E-08
vn -0.903666 0.37425387 0.20813918
vn -0.9034449 0.37417185 0.2092432
vn -0.35469288 -0.9349829 7.8813166E-08
vn -0.35469288 -0.9349829 7.8813166E-08
vn -0.34743145 -0.91582245 0.20139678
vn -0.34819797 -0.9178155 0.19071698
vn -0.36263135 -0.92318094 -0.12741837
vn -0.3627173 -0.9224648 -0.13226892
vn -0.37929174 -0.9169473 -0.12387708
vn -0.37892622 -0.9166132 -0.12741753
vn -0.35469288 -0.9349829 7.8813166E-08
vn -0.35469288 -0.9349829 7.8813166E-08
vn -0.92389566 0.3826447 -3.2254537E-08
vn -0.92389566 0.3826447 -3.2254537E-08
vn -0.9216567 0.36861384 -0.1211317
vn -0.9216081 0.36851504 -0.121800736
vn -0.92389566 -0.3826447 3.2254537E-08
vn -0.92389566 -0.3826447 3.2254537E-08
vn -0.9216081 -0.36851504 -0.121800676
vn -0.92165333 -0.36861247 -0.121161714
vn -0.35469288 0.9349829 -7.8813166E-08
vn -0.35469288 0.9349829 -7.8813166E-08
vn -0.36275402 0.9226026 -0.13120314
vn -0.36275107 0.9225951 -0.1312631
vn -0.92865855 0.3528591 -0.11438473
vn -0.9288277 0.3528654 -0.11298288
vn -0.9288277 -0.3528654 -0.11298282
vn -0.92865855 -0.3528591 -0.11438467
vn -0.37926218 0.9169801 -0.123724945
vn -0.3793197 0.9170632 -0.1229303
vn -0.38710174 -0.92203707 7.772191E-08
vn -0.38710174 -0.92203707 7.772191E-08
vn -0.9365698 0.3504812 -2.9543356E-08
vn -0.9365698 0.3504812 -2.9543356E-08
vn -0.38710174 0.92203707 -7.772191E-08
vn -0.38710174 0.92203707 -7.772191E-08
vn -0.9365698 -0.3504812 2.9543356E-08
vn -0.9365698 -0.3504812 2.9543356E-08
vn 0.36402926 -0.3530424 0.8618838
vn 0.5190395 7.2050064E-08 0.85475034
vn 0.5190395 7.2050064E-08 0.85475034
vn 0.36864415 -0.3484097 0.8618075
vn 0.20719676 0.49353057 0.8446876
vn 0 0.5044839 0.86342114
vn 0 0.5044839 0.86342114
vn 0.20719676 0.49353057 0.8446876
vn 0 -0.50448376 0.86342126
vn 0 -0.50448376 0.86342126
vn 0.36402926 0.3530425 0.8618838
vn 0.36864415 0.34840983 0.8618075
vn 0.34865513 -0.8369065 0.42193258
vn 0.34865513 -0.8369065 0.42193258
vn 0.34865513 -0.8369065 0.42193258
vn 0.34865513 -0.8369065 0.42193258
vn 0.87050605 0.32829764 0.3666605
vn 0.87050605 0.32829764 0.3666605
vn 0.87050605 0.32829764 0.3666605
vn 0.87050605 0.32829764 0.3666605
vn 0.87050605 -0.3282976 0.36666057
vn 0.87050605 -0.3282976 0.36666057
vn 0.87050605 -0.3282976 0.36666057
vn 0.87050605 -0.3282976 0.36666057
vn 0.34865505 0.8368759 0.4219934
vn 0.34779552 0.8347886 0.42680937
vn 0.34779552 0.8347886 0.42680937
vn 0.34868208 0.83695906 0.42180607
vn -0.992139 0.12470023 0.010498492
vn -0.996158 0.08694752 0.010467877
vn -0.66134703 -0.75006574 0.004638953
vn -0.6422771 -0.7664598 0.0044253524
vn -0.6422771 -0.7664598 0.0044253524
vn -0.6572825 -0.75363016 0.0046083955
vn -0.92389566 -0.3826447 3.2254537E-08
vn -0.92389566 -0.3826447 3.2254537E-08
vn -0.9034449 -0.3741718 0.20924325
vn -0.903666 -0.3742538 0.20813924
vn -0.35469288 0.9349829 -7.8813166E-08
vn -0.35469288 0.9349829 -7.8813166E-08
vn -0.34760898 0.916296 0.19892137
vn -0.34743145 0.91582245 0.20139663
vn -0.3487987 0.91940767 0.18173903
vn -0.34898683 0.9199397 0.17865922
vn -0.9072736 -0.3757824 0.18879156
vn -0.90704113 -0.37566516 0.19013685
vn -0.34898683 -0.9199397 0.17865936
vn -0.34819797 -0.9178155 0.19071698
vn -0.90704113 0.37566522 0.19013679
vn -0.9072736 0.37578246 0.1887915
vn -0.35469288 -0.9349829 7.8813166E-08
vn -0.35469288 -0.9349829 7.8813166E-08
vn -0.35469288 0.9349829 -7.8813166E-08
vn -0.35469288 0.9349829 -7.8813166E-08
vn -0.92389566 -0.3826447 3.2254537E-08
vn -0.92389566 -0.3826447 3.2254537E-08
vn -0.92389566 0.3826447 -3.2254537E-08
vn -0.92389566 0.3826447 -3.2254537E-08
vn 0.41912237 -0.42400554 -0.80284226
vn 0 -0.6133151 -0.7898383
vn 0 -0.6133151 -0.7898383
vn 0.40826088 -0.43536237 -0.80236065
vn 0.22660525 0.59735274 -0.7692982
vn 0.41912237 0.42400542 -0.8028424
vn 0.40826088 0.43536225 -0.8023608
vn 0.22660525 0.59735274 -0.7692982
vn 0.5891784 -6.810956E-08 -0.808003
vn 0.5891784 -6.810956E-08 -0.808003
vn 0.35469288 -0.9349829 7.8813166E-08
vn 0.35469288 -0.9349829 7.8813166E-08
vn 0.35469288 -0.9349829 7.8813166E-08
vn 0.35469288 -0.9349829 7.8813166E-08
vn 0.35469288 0.9349829 -7.8813166E-08
vn 0.35469288 0.9349829 -7.8813166E-08
vn 0.35469288 0.9349829 -7.8813166E-08
vn 0.35469288 0.9349829 -7.8813166E-08
vn 0.92389566 -0.3826447 3.2254537E-08
vn 0.92389566 -0.3826447 3.2254537E-08
vn 0.92389566 -0.3826447 3.2254537E-08
vn 0.92389566 -0.3826447 3.2254537E-08
vn 0.92389566 0.3826447 -3.2254537E-08
vn 0.92389566 0.3826447 -3.2254537E-08
vn 0.92389566 0.3826447 -3.2254537E-08
vn 0.92389566 0.3826447 -3.2254537E-08
vn -0.9963605 -0.08524013 7.1852058E-09
vn -0.9963605 -0.08524013 7.1852058E-09
vn -0.9963605 -0.08524013 7.1852058E-09
vn -0.9963605 -0.08524013 7.1852058E-09
vn 0 -1 8.4293696E-08
vn 0.04266509 -0.9990895 8.421694E-08
vn -0.676239 -0.73666656 0.004822057
vn -0.676239 -0.73666656 0.004822057
vn -0.35469288 0.9349829 -7.8813166E-08
vn -0.35469288 0.9349829 -7.8813166E-08
vn -0.92389566 -0.3826447 3.2254537E-08
vn -0.92389566 -0.3826447 3.2254537E-08
vn -0.92389566 -0.3826447 3.2254537E-08
vn -0.92389566 -0.3826447 3.2254537E-08
vn -0.92389566 -0.3826447 3.2254537E-08
vn -0.92389566 -0.3826447 3.2254537E-08
vn -0.92389566 0.3826447 -3.2254537E-08
vn -0.92389566 0.3826447 -3.2254537E-08
vn -0.9032257 0.42916575 -3.6175965E-08
vn -0.92389566 0.3826447 -3.2254537E-08
vn -0.92389566 0.3826447 -3.2254537E-08
vn -0.92389566 0.3826447 -3.2254537E-08
vn -0.35469288 -0.9349829 7.8813166E-08
vn -0.35469288 -0.9349829 7.8813166E-08
vn -0.35469288 -0.9349829 7.8813166E-08
vn -0.35469288 -0.9349829 7.8813166E-08
vn -0.35469288 -0.9349829 7.8813166E-08
vn -0.35469288 -0.9349829 7.8813166E-08
vn -0.35469288 -0.9349829 7.8813166E-08
vn -0.35469288 -0.9349829 7.8813166E-08
vn -0.35469288 -0.9349829 7.8813166E-08
vn -0.35469288 -0.9349829 7.8813166E-08
vn 0.35469288 0.9349829 -7.8813166E-08
vn 0.35469288 0.9349829 -7.8813166E-08
vn 0 0.613315 -0.78983843
vn 0 0.613315 -0.78983843
vn -0.3487987 -0.91940767 0.18173918
vn -0.35469288 -0.9349829 7.8813166E-08
vn -0.34760898 -0.916296 0.19892152
vn 0.3495403 0.83901274 0.4169884
vn 0.3495403 0.83901274 0.4169884
vn -0.37929004 -0.9170958 -0.122777835
vn -0.38710174 -0.92203707 7.772191E-08
vn -0.35469288 -0.9349829 7.8813166E-08
vn -0.36281392 -0.9227217 -0.13019542
vn -0.35469288 -0.9349829 7.8813166E-08
vn -0.35469288 -0.9349829 7.8813166E-08
vn -0.35469288 -0.9349829 7.8813166E-08
vn -0.35469288 -0.9349829 7.8813166E-08
vn -0.35469288 -0.9349829 7.8813166E-08
vn -0.35469288 -0.9349829 7.8813166E-08
vn -0.35469288 -0.9349829 7.8813166E-08
vn -0.35469288 -0.9349829 7.8813166E-08
vn -0.35469288 -0.9349829 7.8813166E-08
vn -0.92389566 0.3826447 -3.2254537E-08
vn -0.92389566 0.3826447 -3.2254537E-08
vn -0.918161 0.39290026 -0.05108866
vn -0.8954068 0.4438732 -0.034975193
vn -0.850551 0.5255477 0.019044193
vn -0.9179169 0.393236 0.0528587
vn -0.92389566 -0.3826447 3.2254537E-08
vn -0.92389566 -0.3826447 3.2254537E-08
vn -0.91563 -0.40126336 -0.024689808
vn -0.9186418 -0.3933069 -0.03750863
vn -0.9186621 -0.39318043 0.038332302
vn -0.9156524 -0.40119877 0.024903288
vn -0.31104535 0.9468084 -0.0824918
vn 0 0.9946686 -0.10312309
vn -0.35469288 0.9349829 -7.8813166E-08
vn -0.35469288 0.9349829 -7.8813166E-08
vn -0.35469288 -0.9349829 7.8813166E-08
vn -0.35548756 -0.9346808 0.0005494243
vn -0.35469288 -0.9349829 7.8813166E-08
vn -0.3562819 -0.93437785 0.0011598109
vn -0.24622817 0.9493579 -0.19516979
vn 0 0.97951007 -0.20139554
vn -0.7760701 0.63064665 -5.3159535E-08
vn 0 0.9877259 0.15619758
vn -0.32011274 0.94034827 0.11520876
vn -0.35469288 0.9349829 -7.8813166E-08
vn -0.35469288 0.9349829 -7.8813166E-08
vn 0 0.95296305 0.3030864
vn -0.25630113 0.9211337 0.29295474
vn -0.3810261 -7.793494E-08 -0.9245643
vn -0.3810261 -7.793494E-08 -0.9245643
vn -0.3810261 -7.793494E-08 -0.9245643
vn -0.3810261 -7.793494E-08 -0.9245643
vn -0.91399175 0.0027772214 -0.40572345
vn -0.91399175 0.0027772214 -0.40572345
vn -0.91399175 0.0027772214 -0.40572345
vn -0.91399175 0.0027772214 -0.40572345
vn -0.91206944 0.0056766253 0.40999636
vn -0.91206944 0.0056766253 0.40999636
vn -0.91206944 0.0056766253 0.40999636
vn -0.91206944 0.0056766253 0.40999636
vn -0.3810261 7.793494E-08 0.9245643
vn -0.3810261 7.793494E-08 0.9245643
vn -0.3810261 7.793494E-08 0.9245643
vn -0.3810261 7.793494E-08 0.9245643
vn 0 -1 8.4293696E-08
vn 0 -1 8.4293696E-08
vn 0 -1 8.4293696E-08
vn 0 -1 8.4293696E-08
vn 0 -1 8.4293696E-08
vn 0 -1 8.4293696E-08
vn -0.3810261 7.793494E-08 0.9245643
vn -0.3810261 7.793494E-08 0.9245643
vn -0.3810261 7.793494E-08 0.9245643
vn -0.3810261 7.793494E-08 0.9245643
vn -0.9158264 3.385019E-08 0.40157437
vn -0.9158264 3.385019E-08 0.40157437
vn -0.9158264 3.385019E-08 0.40157437
vn -0.9158264 3.385019E-08 0.40157437
vn -0.9158264 -3.385019E-08 -0.40157437
vn -0.9158264 -3.385019E-08 -0.40157437
vn -0.9158264 -3.385019E-08 -0.40157437
vn -0.9158264 -3.385019E-08 -0.40157437
vn -0.3810261 -7.793494E-08 -0.9245643
vn -0.3810261 -7.793494E-08 -0.9245643
vn -0.3810261 -7.793494E-08 -0.9245643
vn -0.3810261 -7.793494E-08 -0.9245643
vn 0 -1 8.4293696E-08
vn 0 -1 8.4293696E-08
vn 0 1 -8.4293696E-08
vn 0 1 -8.4293696E-08
vn 0 -1 8.4293696E-08
vn 0 -1 8.4293696E-08
vn -0.8939755 -0.4480254 -0.009003197
vn -0.8939755 -0.4480254 -0.009003197
vn -0.9029262 -0.42817733 -0.037263293
vn -0.90320927 -0.4275099 0.038057208
vn -0.8943109 -0.4473538 0.009094828
vn -0.8943109 -0.4473538 0.009094828
vn -0.9125277 -0.4023362 0.073612645
vn -0.8862531 0.45937812 0.059390727
vn -0.90952337 0.4024218 0.10403879
vn -0.8858776 0.46034992 -0.057436958
vn -0.8208478 0.5706809 -0.02307266
vn -0.91021395 0.4017894 -0.100378715
vn -0.9124827 -0.40266553 -0.07236012
vn -0.00936933 0.92979145 -0.36796755
vn -0.00936933 0.92979145 -0.36796755
vn -0.00936933 0.92979145 -0.36796755
vn -0.00936933 0.92979145 -0.36796755
vn -0.00936933 0.92979157 0.36796737
vn -0.00936933 0.92979157 0.36796737
vn -0.00936933 0.92979157 0.36796737
vn -0.00936933 0.92979157 0.36796737
vn -0.08154661 0.4104188 0.90824366
vn -0.08154661 0.4104188 0.90824366
vn -0.08154661 0.4104188 0.90824366
vn -0.08154661 0.4104188 0.90824366
vn -0.078984015 -0.4107595 0.9083162
vn -0.078984015 -0.4107595 0.9083162
vn -0.078984015 -0.4107595 0.9083162
vn -0.078984015 -0.4107595 0.9083162
vn -0.0040285075 -0.9299748 0.3676014
vn -0.0040285075 -0.9299748 0.3676014
vn -0.0040285075 -0.9299748 0.3676014
vn -0.0040285075 -0.9299748 0.3676014
vn -0.0040285075 -0.9299749 -0.36760122
vn -0.0040285075 -0.9299749 -0.36760122
vn -0.0040285075 -0.9299749 -0.36760122
vn -0.0040285075 -0.9299749 -0.36760122
vn -0.07941147 -0.41127947 -0.90804356
vn -0.07941147 -0.41127947 -0.90804356
vn -0.07941147 -0.41127947 -0.90804356
vn -0.07941147 -0.41127947 -0.90804356
vn -0.081120424 0.40993577 -0.90849996
vn -0.081120424 0.40993577 -0.90849996
vn -0.081120424 0.40993577 -0.90849996
vn -0.081120424 0.40993577 -0.90849996
vn 1 0 0
vn 1 0 0
vn 1 0 0
vn 1 0 0
vn 1 0 0
vn 1 0 0
vn 1 0 0
vn 1 0 0
vn 1 0 0
vn 1 0 0
vn 1 0 0
vn 1 0 0
vn 0 0.9238803 -0.38268164
vn 0 0.9238803 -0.38268164
vn 0 0.9238803 -0.38268164
vn 0 0.9238803 -0.38268164
vn 0 -0.38268146 0.9238804
vn 0 -0.38268146 0.9238804
vn 0 -0.38268146 0.9238804
vn 0 -0.38268146 0.9238804
vn 0 -0.9238804 -0.38268146
vn 0 -0.9238804 -0.38268146
vn 0 -0.9238804 -0.38268146
vn 0 -0.9238804 -0.38268146
vn 0 0.38268164 0.9238803
vn 0 0.38268164 0.9238803
vn 0 0.38268164 0.9238803
vn 0 0.38268164 0.9238803
vn 0 -0.38268164 -0.9238803
vn 0 -0.38268164 -0.9238803
vn 0 -0.38268164 -0.9238803
vn 0 -0.38268164 -0.9238803
vn 0 -0.9238803 0.38268164
vn 0 -0.9238803 0.38268164
vn 0 -0.9238803 0.38268164
vn 0 -0.9238803 0.38268164
vn 0 0.38268146 -0.9238804
vn 0 0.38268146 -0.9238804
vn 0 0.38268146 -0.9238804
vn 0 0.38268146 -0.9238804
vn 0 0.9238804 0.38268146
vn 0 0.9238804 0.38268146
vn 0 0.9238804 0.38268146
vn 0 0.9238804 0.38268146
vn 1 0 0
vn 1 0 0
vn -1 0 0
vn -1 0 0
vn -1 0 0
vn -1 0 0
vn -1 0 0
vn -1 0 0
vn 1 0 0
vn 1 0 0
vn -1 0 0
vn -1 0 0
vn 0.30808598 -0.9513586 8.019353E-08
vn 0.30808598 -0.9513586 8.019353E-08
vn 0.30808598 -0.9513586 8.019353E-08
vn 0.30808598 -0.9513586 8.019353E-08
vn 0.8090303 -0.587767 4.954505E-08
vn 0.8090303 -0.587767 4.954505E-08
vn 0.8090303 -0.587767 4.954505E-08
vn 0.8090303 -0.587767 4.954505E-08
vn 1 0 0
vn 1 0 0
vn 1 0 0
vn 1 0 0
vn 0.8090303 0.587767 -4.954505E-08
vn 0.8090303 0.587767 -4.954505E-08
vn 0 8.4293696E-08 1
vn 0 8.4293696E-08 1
vn 0 8.4293696E-08 1
vn 0 8.4293696E-08 1
vn 0 8.4293696E-08 1
vn 0 8.4293696E-08 1
vn 0 8.4293696E-08 1
vn 0.24473058 0.9686985 0.041597098
vn 0 0.999042 0.043764267
vn 0.29072556 0.9568063 0.0005187451
vn 0.29068917 0.95681745 0.0005187346
vn 0.5125061 0.8586835 -7.238161E-08
vn 0.6924925 0.7214251 -6.081159E-08
vn 0.7458261 0.6661407 -5.6151457E-08
vn 0.5125061 0.8586835 -7.238161E-08
vn 0.5125061 0.8586835 -7.238161E-08
vn 0.6745103 0.73826545 -6.223112E-08
vn 0.30808598 0.9513586 -8.019353E-08
vn 0.30808598 0.9513586 -8.019353E-08
vn 0.30808598 0.9513586 -8.019353E-08
vn 0.30808598 0.9513586 -8.019353E-08
vn 0 -8.4293696E-08 -1
vn 0 -8.4293696E-08 -1
vn 0.692305 0.6511647 -0.31096357
vn 0.6434707 0.6491778 -0.4056027
vn 0.6434707 0.6491778 -0.4056027
vn 0.68354195 0.651344 -0.32942596
vn 0.009644123 -0.085698485 -0.9962745
vn 0.016571578 -0.016480105 -0.9997269
vn 0.6749305 -0.6009827 -0.42812225
vn 0.6749305 -0.6009827 -0.42812225
vn 0.8169942 -0.39973816 -0.41560802
vn 0.87004095 -0.3725172 -0.32289296
vn 0.40441123 -0.06387697 -0.9123439
vn 0.27748308 -0.18330005 -0.9430824
vn 0.40441123 -0.06387697 -0.9123439
vn 0.1183223 -0.42638153 -0.8967712
vn 0.9936709 -0.11057065 0.019806894
vn 0.9963646 -0.083287254 0.017914856
vn 0.9976539 -0.06637801 0.01675473
vn 0.9936709 -0.11057065 0.019806894
vn 0 -0.3916233 0.9201257
vn 0 -0.3916233 0.9201257
vn 0.14255579 -0.3876259 0.9107273
vn 0.14255579 -0.3876259 0.9107273
vn 0 0.3739782 0.92743754
vn 0.102880456 0.37383065 0.92177343
vn 0.9998101 -0.018158944 0.0070804637
vn 0.9997635 -0.020264445 0.007904356
vn 0 0.23093566 0.97296906
vn 0.12268676 0.22916795 0.96562415
vn 1 0 0
vn 1 0 0
vn 0.8448652 -0.4204946 0.33073744
vn 0.8448652 -0.4204946 0.33073744
vn 0.8448652 -0.4204946 0.33073744
vn 0.8448652 -0.4204946 0.33073744
vn 0.30808598 0.9513586 -8.019353E-08
vn 0.30808598 0.9513586 -8.019353E-08
vn 0.30808598 0.9513586 -8.019353E-08
vn 0.30808598 0.9513586 -8.019353E-08
vn 0.21473001 0.97312117 0.08322458
vn 0 0.99636304 0.08520976
vn 0.99464333 -0.1033677 8.713245E-09
vn 0.97712076 -0.2126856 1.7928055E-08
vn 0.97850615 -0.20621814 1.7382888E-08
vn 0.9962048 -0.0870405 7.3369653E-09
vn -0.016754884 -0.24174027 0.97019637
vn -0.016754884 -0.24174027 0.97019637
vn 0 -0.2417743 0.97033256
vn 0 -0.2417743 0.97033256
vn 0 -0.06653125 -0.99778444
vn 0 -0.04846422 -0.998825
vn -0.009521999 -0.04114001 -0.9991081
vn -0.008209551 -0.0354629 -0.9993373
vn 0.096441075 0.36003643 -0.92794025
vn 0 0.36170968 -0.9322908
vn 0 0.36170968 -0.9322908
vn 0.096441075 0.36003643 -0.92794025
vn 0.94178134 0.33622622 -2.834175E-08
vn 0.8957721 0.44451365 -3.7469697E-08
vn 0.99255973 0.121647544 0.005218688
vn 0.98937786 0.14527234 0.0052493243
vn 0 -0.7143934 0.6997443
vn -0.02783354 -0.7141195 0.69947034
vn -0.02783354 -0.7141195 0.69947034
vn 0 -0.7143934 0.6997443
vn 0 -8.4293696E-08 -1
vn 0 -8.4293696E-08 -1
vn 0.10394941 0.388025 0.915768
vn 0.10394941 0.388025 0.915768
vn 0 0.3901259 0.9207616
vn 0 0.3901259 0.9207616
vn 0.8904867 0.45500946 -3.835443E-08
vn 0.87807864 0.47851637 -4.0335912E-08
vn 0 -1 8.4293696E-08
vn 0 -1 8.4293696E-08
vn 0 -1 8.4293696E-08
vn 0 -1 8.4293696E-08
vn 0 -1 8.4293696E-08
vn -0.028443895 -0.9995954 8.425959E-08
vn 0 -1 8.4293696E-08
vn 0 -1 8.4293696E-08
vn 0 -0.12143495 0.99259937
vn 0 -0.12143495 0.99259937
vn 0 -0.12143495 0.99259937
vn 0 -0.12143495 0.99259937
vn 0 -8.4293696E-08 -1
vn 0 -8.4293696E-08 -1
vn 0 1 -8.4293696E-08
vn 0 1 -8.4293696E-08
vn 0 1 -8.4293696E-08
vn 0 1 -8.4293696E-08
vn 0.9963605 -0.08524013 7.1852058E-09
vn 0.9963605 -0.08524013 7.1852058E-09
vn 0.9963605 -0.08524013 7.1852058E-09
vn 0.9963605 -0.08524013 7.1852058E-09
vn 0.9963605 -0.08524013 7.1852058E-09
vn 0.9963605 -0.08524013 7.1852058E-09
vn 0.9963605 -0.08524013 7.1852058E-09
vn 0.9963605 -0.08524013 7.1852058E-09
vn 0.29068917 0.95681745 0.0005187346
vn 0.29072556 0.9568063 0.0005187451
vn 0.7458261 0.6661407 -5.6151457E-08
vn 0.8371143 0.5470282 -4.6111026E-08
vn 0.9704071 -0.1270804 -0.20533064
vn 0.96009326 -0.061617628 -0.2728082
vn 0.9723354 -0.014069279 -0.23316517
vn 0.99108595 -0.005127265 -0.13312548
vn 0.92389566 0.3826447 -3.2254537E-08
vn 0.9034449 0.37417185 0.2092432
vn 0.903666 0.37425387 0.20813918
vn 0.92389566 0.3826447 -3.2254537E-08
vn 0.35469288 -0.9349829 7.8813166E-08
vn 0.34819797 -0.9178155 0.19071698
vn 0.34743145 -0.91582245 0.20139678
vn 0.35469288 -0.9349829 7.8813166E-08
vn 0.36263135 -0.92318094 -0.12741837
vn 0.37892622 -0.9166132 -0.12741753
vn 0.37929174 -0.9169473 -0.12387708
vn 0.3627173 -0.9224648 -0.13226892
vn 0.35469288 -0.9349829 7.8813166E-08
vn 0.35469288 -0.9349829 7.8813166E-08
vn 0.92389566 0.3826447 -3.2254537E-08
vn 0.9216081 0.36851504 -0.121800736
vn 0.9216567 0.36861384 -0.1211317
vn 0.92389566 0.3826447 -3.2254537E-08
vn 0.92389566 -0.3826447 3.2254537E-08
vn 0.92165333 -0.36861247 -0.121161714
vn 0.9216081 -0.36851504 -0.121800676
vn 0.92389566 -0.3826447 3.2254537E-08
vn 0.35469288 0.9349829 -7.8813166E-08
vn 0.36275107 0.9225951 -0.1312631
vn 0.36275402 0.9226026 -0.13120314
vn 0.35469288 0.9349829 -7.8813166E-08
vn 0.9288277 0.3528654 -0.11298288
vn 0.92865855 0.3528591 -0.11438473
vn 0.92865855 -0.3528591 -0.11438467
vn 0.9288277 -0.3528654 -0.11298282
vn 0.3793197 0.9170632 -0.1229303
vn 0.37926218 0.9169801 -0.123724945
vn 0.38710174 -0.92203707 7.772191E-08
vn 0.38710174 -0.92203707 7.772191E-08
vn 0.9365698 0.3504812 -2.9543356E-08
vn 0.9365698 0.3504812 -2.9543356E-08
vn 0.38710174 0.92203707 -7.772191E-08
vn 0.38710174 0.92203707 -7.772191E-08
vn 0.9365698 -0.3504812 2.9543356E-08
vn 0.9365698 -0.3504812 2.9543356E-08
vn -0.36402926 -0.3530424 0.8618838
vn -0.36864415 -0.3484097 0.8618075
vn -0.5190395 7.2050064E-08 0.85475034
vn -0.5190395 7.2050064E-08 0.85475034
vn -0.20719676 0.49353057 0.8446876
vn -0.20719676 0.49353057 0.8446876
vn -0.36864415 0.34840983 0.8618075
vn -0.36402926 0.3530425 0.8618838
vn -0.34865513 -0.8369065 0.42193258
vn -0.34865513 -0.8369065 0.42193258
vn -0.34865513 -0.8369065 0.42193258
vn -0.34865513 -0.8369065 0.42193258
vn -0.87050605 0.32829764 0.3666605
vn -0.87050605 0.32829764 0.3666605
vn -0.87050605 0.32829764 0.3666605
vn -0.87050605 0.32829764 0.3666605
vn -0.87050605 -0.3282976 0.36666057
vn -0.87050605 -0.3282976 0.36666057
vn -0.87050605 -0.3282976 0.36666057
vn -0.87050605 -0.3282976 0.36666057
vn -0.34865505 0.8368759 0.4219934
vn -0.34868208 0.83695906 0.42180607
vn -0.34779552 0.8347886 0.42680937
vn -0.34779552 0.8347886 0.42680937
vn 0.992139 0.12470023 0.010498492
vn 0.996158 0.08694752 0.010467877
vn 0.66134703 -0.75006574 0.004638953
vn 0.6572825 -0.75363016 0.0046083955
vn 0.6422771 -0.7664598 0.0044253524
vn 0.6422771 -0.7664598 0.0044253524
vn 0.92389566 -0.3826447 3.2254537E-08
vn 0.903666 -0.3742538 0.20813924
vn 0.9034449 -0.3741718 0.20924325
vn 0.92389566 -0.3826447 3.2254537E-08
vn 0.35469288 0.9349829 -7.8813166E-08
vn 0.34743145 0.91582245 0.20139663
vn 0.34760898 0.916296 0.19892137
vn 0.35469288 0.9349829 -7.8813166E-08
vn 0.34898683 0.9199397 0.17865922
vn 0.3487987 0.91940767 0.18173903
vn 0.90704113 -0.37566516 0.19013685
vn 0.9072736 -0.3757824 0.18879156
vn 0.34819797 -0.9178155 0.19071698
vn 0.34898683 -0.9199397 0.17865936
vn 0.9072736 0.37578246 0.1887915
vn 0.90704113 0.37566522 0.19013679
vn 0.35469288 -0.9349829 7.8813166E-08
vn 0.35469288 -0.9349829 7.8813166E-08
vn 0.35469288 0.9349829 -7.8813166E-08
vn 0.35469288 0.9349829 -7.8813166E-08
vn 0.92389566 -0.3826447 3.2254537E-08
vn 0.92389566 -0.3826447 3.2254537E-08
vn 0.92389566 0.3826447 -3.2254537E-08
vn 0.92389566 0.3826447 -3.2254537E-08
vn -0.41912237 -0.42400554 -0.80284226
vn -0.40825093 -0.43535173 -0.80237156
vn -0.22660525 0.59735274 -0.7692982
vn -0.22660525 0.59735274 -0.7692982
vn -0.40826088 0.43536225 -0.8023608
vn -0.41912237 0.42400542 -0.8028424
vn -0.5891784 -6.810956E-08 -0.808003
vn -0.5891784 -6.810956E-08 -0.808003
vn -0.35469288 -0.9349829 7.8813166E-08
vn -0.35469288 -0.9349829 7.8813166E-08
vn -0.35469288 -0.9349829 7.8813166E-08
vn -0.35469288 -0.9349829 7.8813166E-08
vn -0.35469288 0.9349829 -7.8813166E-08
vn -0.35469288 0.9349829 -7.8813166E-08
vn -0.35469288 0.9349829 -7.8813166E-08
vn -0.35469288 0.9349829 -7.8813166E-08
vn -0.92389566 -0.3826447 3.2254537E-08
vn -0.92389566 -0.3826447 3.2254537E-08
vn -0.92389566 -0.3826447 3.2254537E-08
vn -0.92389566 -0.3826447 3.2254537E-08
vn -0.92389566 0.3826447 -3.2254537E-08
vn -0.92389566 0.3826447 -3.2254537E-08
vn -0.92389566 0.3826447 -3.2254537E-08
vn -0.92389566 0.3826447 -3.2254537E-08
vn 0.9963605 -0.08524013 7.1852058E-09
vn 0.9963605 -0.08524013 7.1852058E-09
vn 0.9963605 -0.08524013 7.1852058E-09
vn 0.9963605 -0.08524013 7.1852058E-09
vn 0 -1 8.4293696E-08
vn -0.04266509 -0.9990895 8.421694E-08
vn 0.676239 -0.73666656 0.004822057
vn 0.676239 -0.73666656 0.004822057
vn 0.35469288 0.9349829 -7.8813166E-08
vn 0.35469288 0.9349829 -7.8813166E-08
vn 0.92389566 -0.3826447 3.2254537E-08
vn 0.92389566 -0.3826447 3.2254537E-08
vn 0.92389566 -0.3826447 3.2254537E-08
vn 0.92389566 -0.3826447 3.2254537E-08
vn 0.92389566 -0.3826447 3.2254537E-08
vn 0.92389566 -0.3826447 3.2254537E-08
vn 0.92389566 0.3826447 -3.2254537E-08
vn 0.92389566 0.3826447 -3.2254537E-08
vn 0.9032257 0.42916575 -3.6175965E-08
vn 0.92389566 0.3826447 -3.2254537E-08
vn 0.92389566 0.3826447 -3.2254537E-08
vn 0.92389566 0.3826447 -3.2254537E-08
vn 0.35469288 -0.9349829 7.8813166E-08
vn 0.35469288 -0.9349829 7.8813166E-08
vn 0.35469288 -0.9349829 7.8813166E-08
vn 0.35469288 -0.9349829 7.8813166E-08
vn 0.35469288 -0.9349829 7.8813166E-08
vn 0.35469288 -0.9349829 7.8813166E-08
vn 0.35469288 -0.9349829 7.8813166E-08
vn 0.35469288 -0.9349829 7.8813166E-08
vn 0.35469288 -0.9349829 7.8813166E-08
vn 0.35469288 -0.9349829 7.8813166E-08
vn -0.35469288 0.9349829 -7.8813166E-08
vn -0.35469288 0.9349829 -7.8813166E-08
vn 0.3487987 -0.91940767 0.18173918
vn 0.35469288 -0.9349829 7.8813166E-08
vn 0.34760898 -0.916296 0.19892152
vn -0.3495403 0.83901274 0.4169884
vn -0.3495403 0.83901274 0.4169884
vn 0.37929004 -0.9170958 -0.122777835
vn 0.38710174 -0.92203707 7.772191E-08
vn 0.35469288 -0.9349829 7.8813166E-08
vn 0.36281392 -0.9227217 -0.13019542
vn 0.35469288 -0.9349829 7.8813166E-08
vn 0.35469288 -0.9349829 7.8813166E-08
vn 0.35469288 -0.9349829 7.8813166E-08
vn 0.35469288 -0.9349829 7.8813166E-08
vn 0.35469288 -0.9349829 7.8813166E-08
vn 0.35469288 -0.9349829 7.8813166E-08
vn 0.35469288 -0.9349829 7.8813166E-08
vn 0.35469288 -0.9349829 7.8813166E-08
vn 0.35469288 -0.9349829 7.8813166E-08
vn 0.92389566 0.3826447 -3.2254537E-08
vn 0.90790486 0.41917622 -3.5333912E-08
vn 0.92389566 0.3826447 -3.2254537E-08
vn 0.92389566 0.3826447 -3.2254537E-08
vn 0.8589785 0.5120117 -4.3159357E-08
vn 0.92389566 0.3826447 -3.2254537E-08
vn 0.92389566 -0.3826447 3.2254537E-08
vn 0.92389566 -0.3826447 3.2254537E-08
vn 0.92389566 -0.3826447 3.2254537E-08
vn 0.92389566 -0.3826447 3.2254537E-08
vn 0.92389566 -0.3826447 3.2254537E-08
vn 0.92389566 -0.3826447 3.2254537E-08
vn 0.31104535 0.9468084 -0.0824918
vn 0.35469288 0.9349829 -7.8813166E-08
vn 0.35469288 0.9349829 -7.8813166E-08
vn 0 0.9946686 -0.10312309
vn 0.35469288 -0.9349829 7.8813166E-08
vn 0.35469288 -0.9349829 7.8813166E-08
vn 0.35469288 -0.9349829 7.8813166E-08
vn 0.35469288 -0.9349829 7.8813166E-08
vn 0.35469288 -0.9349829 7.8813166E-08
vn 0.35469288 -0.9349829 7.8813166E-08
vn 0.24622817 0.9493579 -0.19516979
vn 0 0.97951007 -0.20139554
vn 0.88928497 0.45735353 -3.855202E-08
vn 0.7760701 0.63064665 -5.3159535E-08
vn 0 0.9877259 0.15619758
vn 0.35469288 0.9349829 -7.8813166E-08
vn 0.35469288 0.9349829 -7.8813166E-08
vn 0.32011274 0.94034827 0.11520876
vn 0.25630113 0.9211337 0.29295474
vn 0 0.95296305 0.3030864
vn 0.3810261 -7.793494E-08 -0.9245643
vn 0.3810261 -7.793494E-08 -0.9245643
vn 0.3810261 -7.793494E-08 -0.9245643
vn 0.3810261 -7.793494E-08 -0.9245643
vn 0.91399175 0.0027772214 -0.40572345
vn 0.91399175 0.0027772214 -0.40572345
vn 0.91399175 0.0027772214 -0.40572345
vn 0.91399175 0.0027772214 -0.40572345
vn 0.91206944 0.0056766253 0.40999636
vn 0.91206944 0.0056766253 0.40999636
vn 0.91206944 0.0056766253 0.40999636
vn 0.91206944 0.0056766253 0.40999636
vn 0.3810261 7.793494E-08 0.9245643
vn 0.3810261 7.793494E-08 0.9245643
vn 0.3810261 7.793494E-08 0.9245643
vn 0.3810261 7.793494E-08 0.9245643
vn 0 -1 8.4293696E-08
vn 0 -1 8.4293696E-08
vn 0 -1 8.4293696E-08
vn 0 -1 8.4293696E-08
vn 0 -1 8.4293696E-08
vn 0 -1 8.4293696E-08
vn 0.3810261 7.793494E-08 0.9245643
vn 0.3810261 7.793494E-08 0.9245643
vn 0.3810261 7.793494E-08 0.9245643
vn 0.3810261 7.793494E-08 0.9245643
vn 0.9158264 3.385019E-08 0.40157437
vn 0.9158264 3.385019E-08 0.40157437
vn 0.9158264 3.385019E-08 0.40157437
vn 0.9158264 3.385019E-08 0.40157437
vn 0.9158264 -3.385019E-08 -0.40157437
vn 0.9158264 -3.385019E-08 -0.40157437
vn 0.9158264 -3.385019E-08 -0.40157437
vn 0.9158264 -3.385019E-08 -0.40157437
vn 0.3810261 -7.793494E-08 -0.9245643
vn 0.3810261 -7.793494E-08 -0.9245643
vn 0.3810261 -7.793494E-08 -0.9245643
vn 0.3810261 -7.793494E-08 -0.9245643
vn 0 -1 8.4293696E-08
vn 0 -1 8.4293696E-08
vn 0 1 -8.4293696E-08
vn 0 1 -8.4293696E-08
vn 0 -1 8.4293696E-08
vn 0 -1 8.4293696E-08
vn 0.92389566 0.3826447 -3.2254537E-08
vn 0.92389566 -0.3826447 3.2254537E-08
vn 0.92389566 -0.3826447 3.2254537E-08
vn 0.92389566 -0.3826447 3.2254537E-08
vn 0.92389566 -0.3826447 3.2254537E-08
vn 0.7760701 0.63064665 -5.3159535E-08
vn 0.8589919 0.5119892 -4.315746E-08
vn 0.92389566 0.3826447 -3.2254537E-08
vn -0.30808598 0.9513586 -8.019353E-08
vn -0.30808598 0.9513586 -8.019353E-08
vn -0.30808598 0.9513586 -8.019353E-08
vn -0.30808598 0.9513586 -8.019353E-08
vn 0.024109976 0.020661417 0.99949586
vn 0 8.4293696E-08 1
vn 0 8.4293696E-08 1
vn 0.018433731 0.02401887 0.99954164
vn 0.30808598 0.9513586 -8.019353E-08
vn 0.30808598 0.9513586 -8.019353E-08
vn -0.7242592 0.6895279 -5.8122858E-08
vn -0.5125061 0.8586835 -7.238161E-08
vn 0.2697273 0.96293676 -8.1169496E-08
vn 0.08917632 0.99601585 -8.395786E-08
vn 0.08917632 0.99601585 -8.395786E-08
vn 0.2697273 0.96293676 -8.1169496E-08
vn -0.5096359 0.8603902 -7.252547E-08
vn -0.5096359 0.8603902 -7.252547E-08
vn -0.5096359 0.8603902 -7.252547E-08
vn -0.5096359 0.8603902 -7.252547E-08
vn 0 -8.4293696E-08 -1
vn 0 -8.4293696E-08 -1
vn 0 -8.4293696E-08 -1
vn 0 -8.4293696E-08 -1
vn 0.44120973 0.89740413 -7.564551E-08
vn 0.44120973 0.89740413 -7.564551E-08
vn 0 8.4293696E-08 1
vn 0 8.4293696E-08 1
vn 0.16373742 0.06921828 -0.9840726
vn 0.21848708 0.09238159 -0.97145724
vn -0.93213695 0.36210606 -3.0523257E-08
vn -0.93213695 0.36210606 -3.0523257E-08
vn -0.82590884 0.5635053 -0.018342048
vn -0.8734545 0.48677844 -0.011139485
vn 0.9409509 -0.33854333 2.8537068E-08
vn 0.9409509 -0.33854333 2.8537068E-08
vn 0.8807343 -0.47312877 0.02136301
vn 0.83994514 -0.5416825 0.032746978
vn -0.7120023 0.7014428 -0.032105777
vn -0.7120023 0.7014428 -0.032105777
vn -0.54284334 -0.3935438 0.7419195
vn -0.54284334 -0.3935438 0.7419195
vn -0.54284334 -0.3935438 0.7419195
vn -0.54284334 -0.3935438 0.7419195
vn -0.020874865 -0.012451758 -0.9997046
vn -0.020874865 -0.012451758 -0.9997046
vn -0.020874865 -0.012451758 -0.9997046
vn -0.020874865 -0.012451758 -0.9997046
vn -0.5125061 0.8586835 -7.238161E-08
vn -0.5125061 0.8586835 -7.238161E-08
vn -0.5125061 0.8586835 -7.238161E-08
vn -0.5125061 0.8586835 -7.238161E-08
vn 0.85871845 0.5124477 -4.319611E-08
vn 0.85871845 0.5124477 -4.319611E-08
vn 0.85871845 0.5124477 -4.319611E-08
vn 0.85871845 0.5124477 -4.319611E-08
vn -0.85871845 -0.5124477 4.319611E-08
vn -0.85871845 -0.5124477 4.319611E-08
vn -0.85871845 -0.5124477 4.319611E-08
vn -0.85871845 -0.5124477 4.319611E-08
vn 0.04171919 0.024903418 0.99881905
vn 0.04171919 0.024903418 0.99881905
vn -0.8090303 -0.587767 4.954505E-08
vn -0.8090303 -0.587767 4.954505E-08
vn 0.8090303 -0.587767 4.954505E-08
vn 0.8090303 -0.587767 4.954505E-08
vn -0.30808598 -0.9513586 8.019353E-08
vn -0.30808598 -0.9513586 8.019353E-08
vn 0.30808598 -0.9513586 8.019353E-08
vn 0.30808598 -0.9513586 8.019353E-08
vn -1 0 0
vn -1 0 0
vn 1 0 0
vn 1 0 0
vn 0.0027467357 0.0016481256 0.9999949
vn 0.0027467352 -0.0017395148 0.99999475
vn 0.067630254 -0.11084516 0.99153394
vn 0.046602298 -0.090305224 0.9948232
vn 0.0027466803 -0.0065614297 0.9999747
vn 0.106907286 -0.14920622 0.9830098
vn -0.0027467357 0.0016481256 0.9999949
vn -0.0027467357 0.0016481256 0.9999949
vn -0.0027467378 -0.001007053 0.9999957
vn -0.0027467352 -0.0017395148 0.99999475
vn -0.0027466803 -0.0065614297 0.9999747
vn -0.0027466803 -0.0065614297 0.9999747
vn -0.8371143 0.5470282 -4.6111026E-08
vn 0 -0.32899892 -0.9443304
vn 0.028932255 -0.3288756 -0.94393003
vn 0.028932255 -0.3288756 -0.94393003
vn 0 -0.32899892 -0.9443304
vn 0.028932255 -0.3288756 -0.94393003
vn 0 1 -8.4293696E-08
vn 0 1 -8.4293696E-08
vn 0 1 -8.4293696E-08
vn 0 1 -8.4293696E-08
vn 0 1 -8.4293696E-08
vn 0 1 -8.4293696E-08
vn 0 1 -8.4293696E-08
vn 0 1 -8.4293696E-08
vn 0 1 -8.4293696E-08
vn 0 1 -8.4293696E-08
vn 0 1 -8.4293696E-08
vn 0 1 -8.4293696E-08
vn 0 1 -8.4293696E-08
vn 0 1 -8.4293696E-08
vn 0.8371143 0.5470282 -4.6111026E-08
vn 0.8090303 0.587767 -4.954505E-08
vn -0.028932255 -0.3288756 -0.94393003
vn 0 -0.32899892 -0.9443304
vn -0.028932255 -0.3288756 -0.94393003
vn 0 -0.32899892 -0.9443304
vn -0.028932255 -0.3288756 -0.94393003
vn 0 1 -8.4293696E-08
vn 0 1 -8.4293696E-08
vn 0 1 -8.4293696E-08
vn 0 1 -8.4293696E-08
vn 0 1 -8.4293696E-08
vn 0 1 -8.4293696E-08
vn 0 1 -8.4293696E-08
vn 0 1 -8.4293696E-08
vn 0 1 -8.4293696E-08
vn 0 1 -8.4293696E-08
vn 0 1 -8.4293696E-08
vn 0 1 -8.4293696E-08
vn 0 1 -8.4293696E-08
vn 0 1 -8.4293696E-08
vn -0.8090303 0.587767 -4.954505E-08
vn -0.8090303 0.587767 -4.954505E-08
# 1178 vertex normals

vt 0.63236374 -0.3240687 0
vt 0.6263743 -0.32407656 0
vt 0.63230836 -0.28063437 0
vt 0.59186864 -0.2550383 0
vt 0.5881612 -0.25555632 0
vt 0.5546479 -0.002057905 0
vt 0.5807556 -0.25642583 0
vt 0.5770441 -0.25677934 0
vt 0.5546479 -0.002057905 0
vt 0.58446157 -0.25601816 0
vt 0.5807556 -0.25642583 0
vt 0.5546479 -0.002057905 0
vt 0.5881612 -0.25555632 0
vt 0.58446157 -0.25601816 0
vt 0.5546479 -0.002057905 0
vt 0.5770441 -0.25677934 0
vt 0.57331264 -0.2570797 0
vt 0.5546479 -0.002057905 0
vt 0.449705 -0.37339792 0
vt 0.4505806 -0.3723229 0
vt 0.45032418 -0.37355408 0
vt 0.565122 -0.36698803 0
vt 0.56717277 -0.36639383 0
vt 0.5672231 -0.370177 0
vt 0.5677111 -0.36664984 0
vt 0.5693264 -0.36740825 0
vt 0.5680766 -0.37026343 0
vt 0.43220186 -0.5185498 0
vt 0.44101548 -0.5185015 0
vt 0.44727194 -0.68907607 0
vt 0.4497733 -0.51840234 0
vt 0.5694834 -0.27452913 0
vt 0.57104963 -0.2696929 0
vt 0.573019 -0.2696929 0
vt 0.6272247 -0.28061968 0
vt 0.39209312 -0.15085292 0
vt 0.39185163 -0.15142019 0
vt 0.39193422 -0.15027155 0
vt 0.4069874 -0.14794153 0
vt 0.4104637 -0.14981109 0
vt 0.40741408 -0.1500376 0
vt 0.39510238 -0.14855345 0
vt 0.39720833 -0.14918283 0
vt 0.39701846 -0.15080395 0
vt 0.6162687 -0.32406768 0
vt 0.6163319 -0.28063086 0
vt 0.6222584 -0.32407662 0
vt 0.5546477 -0.25776178 0
vt 0.5546479 -0.002057905 0
vt 0.5583922 -0.25773457 0
vt 0.56584996 -0.25751668 0
vt 0.5546479 -0.002057905 0
vt 0.5695751 -0.2573259 0
vt 0.56212133 -0.25765285 0
vt 0.5546479 -0.002057905 0
vt 0.56584996 -0.25751668 0
vt 0.5583922 -0.25773457 0
vt 0.5546479 -0.002057905 0
vt 0.56212133 -0.25765285 0
vt 0.5695751 -0.2573259 0
vt 0.5546479 -0.002057905 0
vt 0.57331264 -0.2570797 0
vt 0.3669051 -0.35834536 0
vt 0.36329544 -0.35842308 0
vt 0.36344028 -0.35129914 0
vt 0.57224274 -0.3702453 0
vt 0.568666 -0.37078282 0
vt 0.5714258 -0.3683847 0
vt 0.57091177 -0.36814168 0
vt 0.37019742 -0.5402144 0
vt 0.35645664 -0.69361734 0
vt 0.36306763 -0.54111266 0
vt 0.3557769 -0.5419531 0
vt 0.5694834 -0.26485658 0
vt 0.6214162 -0.2806171 0
vt 0.4361341 -0.14533785 0
vt 0.43623644 -0.14445503 0
vt 0.43655786 -0.14611334 0
vt 0.45195556 -0.3772361 0
vt 0.45243132 -0.37792 0
vt 0.45222235 -0.37797877 0
vt 0.4529606 -0.37955114 0
vt 0.45240045 -0.378419 0
vt 0.45266032 -0.3783917 0
vt 0.45246112 -0.3781465 0
vt 0.45246077 -0.37814626 0
vt 0.45246148 -0.37814638 0
vt 0.45246077 -0.37814626 0
vt 0.45246112 -0.3781465 0
vt 0.4524603 -0.37814674 0
vt 0.45246112 -0.3781465 0
vt 0.45246148 -0.37814638 0
vt 0.45246148 -0.3781465 0
vt 0.45246112 -0.3781465 0
vt 0.45246148 -0.3781465 0
vt 0.45246136 -0.37814662 0
vt 0.45246112 -0.3781465 0
vt 0.45246136 -0.37814662 0
vt 0.4524603 -0.37814674 0
vt 0.45246148 -0.37814638 0
vt 0.45246077 -0.37814626 0
vt 0.45246208 -0.37814626 0
vt 0.45246148 -0.3781465 0
vt 0.45246148 -0.37814638 0
vt 0.45246184 -0.37814638 0
vt 0.45246136 -0.37814662 0
vt 0.45246148 -0.3781465 0
vt 0.45246184 -0.37814662 0
vt 0.4524603 -0.37814674 0
vt 0.45246136 -0.37814662 0
vt 0.45246196 -0.37814686 0
vt 0.45246077 -0.37814626 0
vt 0.45246434 -0.37814566 0
vt 0.45246208 -0.37814626 0
vt 0.45246148 -0.37814638 0
vt 0.45246208 -0.37814626 0
vt 0.45246184 -0.37814638 0
vt 0.45246148 -0.3781465 0
vt 0.45246184 -0.37814638 0
vt 0.45246184 -0.37814662 0
vt 0.45246136 -0.37814662 0
vt 0.45246184 -0.37814662 0
vt 0.45246196 -0.37814686 0
vt 0.45246208 -0.37814626 0
vt 0.45246434 -0.37814566 0
vt 0.45246232 -0.37814638 0
vt 0.45246184 -0.37814638 0
vt 0.45246208 -0.37814626 0
vt 0.45246232 -0.37814638 0
vt 0.45246184 -0.37814662 0
vt 0.45246184 -0.37814638 0
vt 0.45246232 -0.37814638 0
vt 0.45246196 -0.37814686 0
vt 0.45246184 -0.37814662 0
vt 0.45246232 -0.37814638 0
vt 0.45246434 -0.37814566 0
vt 0.45246196 -0.37814686 0
vt 0.45246232 -0.37814638 0
vt 0.45246184 -0.37814638 0
vt 0.45245695 -0.37814745 0
vt 0.45245695 -0.37814745 0
vt 0.45246184 -0.37814638 0
vt 0.53005934 -0.3762661 0
vt 0.5127032 -0.37753096 0
vt 0.5294337 -0.36188194 0
vt 0.5474956 -0.37607262 0
vt 0.6525979 -0.280624 0
vt 0.6526468 -0.32404494 0
vt 0.6475646 -0.32405072 0
vt 0.6475148 -0.28062645 0
vt 0.6475148 -0.28062645 0
vt 0.6475646 -0.32405072 0
vt 0.64249766 -0.32405648 0
vt 0.6424465 -0.280629 0
vt 0.6424465 -0.280629 0
vt 0.64249766 -0.32405648 0
vt 0.6374306 -0.32406247 0
vt 0.6373776 -0.28063163 0
vt 0.6373776 -0.28063163 0
vt 0.6374306 -0.32406247 0
vt 0.5568153 -0.2696929 0
vt 0.5579676 -0.2732552 0
vt 0.5562139 -0.2745292 0
vt 0.5546477 -0.2696929 0
vt 0.56098425 -0.27544677 0
vt 0.5603144 -0.27750817 0
vt 0.5647131 -0.27544677 0
vt 0.5653829 -0.27750817 0
vt 0.5677298 -0.2732552 0
vt 0.56888205 -0.2696929 0
vt 0.44727194 -0.68907607 0
vt 0.44224453 -0.936057 0
vt 0.43507814 -0.9359635 0
vt 0.43829334 -0.68915236 0
vt 0.47003227 -0.44661364 0
vt 0.46341157 -0.9363607 0
vt 0.4493879 -0.9361712 0
vt 0.4592197 -0.44791672 0
vt 0.4522587 -0.37363097 0
vt 0.45195556 -0.3772361 0
vt 0.45073712 -0.37712404 0
vt 0.45096195 -0.3735033 0
vt 0.45001733 -0.37728485 0
vt 0.45032418 -0.37355408 0
vt 0.45028234 -0.3991445 0
vt 0.4534682 -0.44819793 0
vt 0.4495263 -0.4463075 0
vt 0.44871485 -0.400444 0
vt 0.4522587 -0.37363097 0
vt 0.45096195 -0.3735033 0
vt 0.4988238 -0.37014177 0
vt 0.5291581 -0.35583404 0
vt 0.5294337 -0.36188194 0
vt 0.5127032 -0.37753096 0
vt 0.53307986 -0.45162502 0
vt 0.5131464 -0.4522641 0
vt 0.53445184 -0.48695195 0
vt 0.5175704 -0.47075045 0
vt 0.5348189 -0.49645233 0
vt 0.5075592 -0.47854137 0
vt 0.5175704 -0.47075045 0
vt 0.53445184 -0.48695195 0
vt 0.57507527 -0.34794447 0
vt 0.5782803 -0.35127124 0
vt 0.5742357 -0.35780427 0
vt 0.5710937 -0.35647956 0
vt 0.5710888 -0.363699 0
vt 0.56882405 -0.36287484 0
vt 0.5719212 -0.34553394 0
vt 0.57507527 -0.34794447 0
vt 0.5710937 -0.35647956 0
vt 0.5698068 -0.35526213 0
vt 0.5671439 -0.34430274 0
vt 0.5719212 -0.34553394 0
vt 0.5698068 -0.35526213 0
vt 0.5661901 -0.35431173 0
vt 0.56491673 -0.36210975 0
vt 0.56768703 -0.36250398 0
vt 0.56882405 -0.36287484 0
vt 0.56768703 -0.36250398 0
vt 0.5661901 -0.35431173 0
vt 0.5698068 -0.35526213 0
vt 0.5677111 -0.36664984 0
vt 0.56717277 -0.36639383 0
vt 0.56717277 -0.36639383 0
vt 0.5677111 -0.36664984 0
vt 0.5680766 -0.37026343 0
vt 0.5672231 -0.370177 0
vt 0.44937956 -0.37971613 0
vt 0.4484681 -0.38245365 0
vt 0.44713676 -0.38115463 0
vt 0.4481864 -0.37926123 0
vt 0.43220186 -0.5185498 0
vt 0.43142712 -0.5199659 0
vt 0.4460492 -0.38293967 0
vt 0.4468168 -0.39823624 0
vt 0.4417286 -0.39899895 0
vt 0.44251668 -0.38352594 0
vt 0.4468168 -0.39823624 0
vt 0.4466368 -0.39988288 0
vt 0.44351375 -0.40091047 0
vt 0.4417286 -0.39899895 0
vt 0.4448446 -0.38136157 0
vt 0.4460492 -0.38293967 0
vt 0.44251668 -0.38352594 0
vt 0.4418949 -0.38130328 0
vt 0.4534682 -0.44819793 0
vt 0.44659102 -0.45103738 0
vt 0.4458394 -0.4473326 0
vt 0.4495263 -0.4463075 0
vt 0.45140874 -0.48054597 0
vt 0.44327605 -0.48166952 0
vt 0.44659102 -0.45103738 0
vt 0.4534682 -0.44819793 0
vt 0.43142712 -0.5199659 0
vt 0.42993128 -0.5258684 0
vt 0.42324567 -0.52144516 0
vt 0.43220186 -0.5185498 0
vt 0.44713676 -0.38115463 0
vt 0.4484681 -0.38245365 0
vt 0.45028234 -0.3991445 0
vt 0.44871485 -0.400444 0
vt 0.4466368 -0.39988288 0
vt 0.4468168 -0.39823624 0
vt 0.4484681 -0.38245365 0
vt 0.45028234 -0.3991445 0
vt 0.42324567 -0.52144516 0
vt 0.42993128 -0.5258684 0
vt 0.41762817 -0.537778 0
vt 0.41670907 -0.53282154 0
vt 0.44116855 -0.4139001 0
vt 0.44026697 -0.4448149 0
vt 0.43491364 -0.44566151 0
vt 0.4369384 -0.41313967 0
vt 0.41670907 -0.53282154 0
vt 0.41762817 -0.537778 0
vt 0.41047287 -0.5347613 0
vt 0.41395044 -0.531942 0
vt 0.440907 -0.38390777 0
vt 0.43912935 -0.38272282 0
vt 0.4155208 -0.5200635 0
vt 0.41395044 -0.531942 0
vt 0.41047287 -0.5347613 0
vt 0.40673566 -0.5202588 0
vt 0.4390366 -0.39849183 0
vt 0.440907 -0.38390777 0
vt 0.42730558 -0.48061094 0
vt 0.42324567 -0.52144516 0
vt 0.4155208 -0.5200635 0
vt 0.41762424 -0.48058853 0
vt 0.41670907 -0.53282154 0
vt 0.41395044 -0.531942 0
vt 0.63235784 -0.0020588299 0
vt 0.6272734 -0.002057905 0
vt 0.6374268 -0.0020597544 0
vt 0.63235784 -0.0020588299 0
vt 0.5028826 -0.46660328 0
vt 0.4988238 -0.37014177 0
vt 0.5127032 -0.37753096 0
vt 0.5131464 -0.4522641 0
vt 0.39183822 -0.10740626 0
vt 0.38369676 -0.10931161 0
vt 0.37532425 -0.07710919 0
vt 0.3851407 -0.0745431 0
vt 0.40429223 -0.1057266 0
vt 0.40003294 -0.106141865 0
vt 0.3951852 -0.07309595 0
vt 0.40095955 -0.07283029 0
vt 0.4159293 -0.20449784 0
vt 0.42184398 -0.20380092 0
vt 0.43236196 -0.25897878 0
vt 0.42384693 -0.26011556 0
vt 0.41319788 -0.17739487 0
vt 0.41739655 -0.17692287 0
vt 0.39300084 -0.17829984 0
vt 0.40099502 -0.17884116 0
vt 0.39972493 -0.20506334 0
vt 0.38956416 -0.20398724 0
vt 0.40099502 -0.17884116 0
vt 0.40905565 -0.17831616 0
vt 0.4099856 -0.2051656 0
vt 0.39972493 -0.20506334 0
vt 0.38424152 -0.17672822 0
vt 0.39300084 -0.17829984 0
vt 0.38956416 -0.20398724 0
vt 0.37929618 -0.2015355 0
vt 0.3961318 -0.26179722 0
vt 0.3763722 -0.26066482 0
vt 0.41530955 -0.26135546 0
vt 0.3961318 -0.26179722 0
vt 0.3763722 -0.26066482 0
vt 0.35562193 -0.25722948 0
vt 0.4450223 -0.32173246 0
vt 0.433012 -0.3245729 0
vt 0.39809123 -0.3262158 0
vt 0.37568256 -0.3260975 0
vt 0.37568256 -0.3260975 0
vt 0.3533622 -0.3253571 0
vt 0.4206879 -0.3253915 0
vt 0.39809123 -0.3262158 0
vt 0.62949014 -0.4468321 0
vt 0.6305404 -0.4717915 0
vt 0.625728 -0.4702313 0
vt 0.62482107 -0.449159 0
vt 0.6022314 -0.49354756 0
vt 0.5887978 -0.49418104 0
vt 0.5906414 -0.4887588 0
vt 0.6017463 -0.48846292 0
vt 0.610669 -0.42985502 0
vt 0.60893226 -0.43496314 0
vt 0.61505735 -0.49135017 0
vt 0.6124821 -0.48670292 0
vt 0.60893226 -0.43496314 0
vt 0.62482107 -0.449159 0
vt 0.62081087 -0.45129147 0
vt 0.6073972 -0.43947777 0
vt 0.625728 -0.4702313 0
vt 0.6124821 -0.48670292 0
vt 0.61040723 -0.48259866 0
vt 0.6215167 -0.4688648 0
vt 0.62482107 -0.449159 0
vt 0.625728 -0.4702313 0
vt 0.6215167 -0.4688648 0
vt 0.62081087 -0.45129147 0
vt 0.6017463 -0.48846292 0
vt 0.5906414 -0.4887588 0
vt 0.5922313 -0.4840827 0
vt 0.60142505 -0.48359442 0
vt 0.43532288 -0.47966823 0
vt 0.44003224 -0.4483193 0
vt 0.43532288 -0.47966823 0
vt 0.43220186 -0.5185498 0
vt 0.42324567 -0.52144516 0
vt 0.42730558 -0.48061094 0
vt 0.40003294 -0.106141865 0
vt 0.39183822 -0.10740626 0
vt 0.3851407 -0.0745431 0
vt 0.3951852 -0.07309595 0
vt 0.38369676 -0.10931161 0
vt 0.3748061 -0.11208913 0
vt 0.3658294 -0.08061941 0
vt 0.37532425 -0.07710919 0
vt 0.35492194 -0.06350744 0
vt 0.36914814 -0.05857524 0
vt 0.3815454 -0.05567411 0
vt 0.3939711 -0.05426533 0
vt 0.3939711 -0.05426533 0
vt 0.40016365 -0.054357473 0
vt 0.36914814 -0.05857524 0
vt 0.3815454 -0.05567411 0
vt 0.38975406 -0.01099031 0
vt 0.3982814 -0.011276696 0
vt 0.3451071 -0.019528914 0
vt 0.36052942 -0.016087104 0
vt 0.37500447 -0.01326922 0
vt 0.38975406 -0.01099031 0
vt 0.36052942 -0.016087104 0
vt 0.37500447 -0.01326922 0
vt 0.5832592 -0.42599145 0
vt 0.5680944 -0.41143826 0
vt 0.57068884 -0.4101843 0
vt 0.58425653 -0.42311373 0
vt 0.61741865 -0.39944503 0
vt 0.61698735 -0.4106396 0
vt 0.6141006 -0.40935668 0
vt 0.6145468 -0.3994864 0
vt 0.60369503 -0.42602906 0
vt 0.6022266 -0.4228296 0
vt 0.58425653 -0.42311373 0
vt 0.57068884 -0.4101843 0
vt 0.57435155 -0.40841392 0
vt 0.58570576 -0.41931954 0
vt 0.6145468 -0.3994864 0
vt 0.6141006 -0.40935668 0
vt 0.61023474 -0.40780303 0
vt 0.6099372 -0.39977655 0
vt 0.6022266 -0.4228296 0
vt 0.58425653 -0.42311373 0
vt 0.58570576 -0.41931954 0
vt 0.6003866 -0.4188213 0
vt 0.6141006 -0.40935668 0
vt 0.6022266 -0.4228296 0
vt 0.6003866 -0.4188213 0
vt 0.61023474 -0.40780303 0
vt 0.4305954 -0.44539258 0
vt 0.43262005 -0.41287073 0
vt 0.4369384 -0.41313967 0
vt 0.43491364 -0.44566151 0
vt 0.44351375 -0.40091047 0
vt 0.4417286 -0.39899895 0
vt 0.44003224 -0.4483193 0
vt 0.43491364 -0.44566151 0
vt 0.38699362 -0.119746625 0
vt 0.37932706 -0.12257251 0
vt 0.4013747 -0.11705387 0
vt 0.394113 -0.117959365 0
vt 0.4022714 -0.15736648 0
vt 0.4081144 -0.15767737 0
vt 0.40832338 -0.1638392 0
vt 0.40196994 -0.16313 0
vt 0.394113 -0.117959365 0
vt 0.38699362 -0.119746625 0
vt 0.39679816 -0.15682364 0
vt 0.4022714 -0.15736648 0
vt 0.40196994 -0.16313 0
vt 0.39587146 -0.16213506 0
vt 0.40855145 -0.1053569 0
vt 0.40952682 -0.1164988 0
vt 0.4054114 -0.11701152 0
vt 0.4113446 -0.15761855 0
vt 0.4145992 -0.15731534 0
vt 0.41546744 -0.16368997 0
vt 0.41194227 -0.16419722 0
vt 0.4081144 -0.15767737 0
vt 0.40832338 -0.1638392 0
vt 0.4013747 -0.11705387 0
vt 0.61277723 -0.38984182 0
vt 0.60892713 -0.3917028 0
vt 0.61555386 -0.38849983 0
vt 0.61277723 -0.38984182 0
vt 0.40635598 -0.053952504 0
vt 0.406541 -0.011857573 0
vt 0.40665165 -0.07236105 0
vt 0.6124821 -0.48670292 0
vt 0.61040723 -0.48259866 0
vt 0.41530955 -0.26135546 0
vt 0.4206879 -0.3253915 0
vt 0.40905565 -0.17831616 0
vt 0.4099856 -0.2051656 0
vt 0.4044067 -0.13244328 0
vt 0.407633 -0.13123146 0
vt 0.40924045 -0.14073119 0
vt 0.4062667 -0.1413945 0
vt 0.4078692 -0.1544738 0
vt 0.4110079 -0.15436031 0
vt 0.41110158 -0.13076097 0
vt 0.41230518 -0.14020696 0
vt 0.4141623 -0.15406324 0
vt 0.39324015 -0.1364989 0
vt 0.39870912 -0.13445204 0
vt 0.40093917 -0.14283699 0
vt 0.39593533 -0.14408356 0
vt 0.39715275 -0.15412064 0
vt 0.4022623 -0.15425196 0
vt 0.39870912 -0.13445204 0
vt 0.4044067 -0.13244328 0
vt 0.4062667 -0.1413945 0
vt 0.40093917 -0.14283699 0
vt 0.4022623 -0.15425196 0
vt 0.4078692 -0.1544738 0
vt 0.39593533 -0.14408356 0
vt 0.39134422 -0.14579093 0
vt 0.3878093 -0.13893425 0
vt 0.39324015 -0.1364989 0
vt 0.41293427 -0.14498487 0
vt 0.40989682 -0.14543079 0
vt 0.41353488 -0.1494578 0
vt 0.40691277 -0.14596136 0
vt 0.39510238 -0.14855345 0
vt 0.39300343 -0.14777827 0
vt 0.39507338 -0.1533253 0
vt 0.39175224 -0.15565436 0
vt 0.39679816 -0.15682364 0
vt 0.39587146 -0.16213506 0
vt 0.3898375 -0.16048469 0
vt 0.39288992 -0.1544149 0
vt 0.39507338 -0.1533253 0
vt 0.39198536 -0.14919545 0
vt 0.39300343 -0.14777827 0
vt 0.39510238 -0.14855345 0
vt 0.3927384 -0.14986229 0
vt 0.3927384 -0.14986229 0
vt 0.39510238 -0.14855345 0
vt 0.39701846 -0.15080395 0
vt 0.39290935 -0.15088719 0
vt 0.39290935 -0.15088719 0
vt 0.39701846 -0.15080395 0
vt 0.39507338 -0.1533253 0
vt 0.3926255 -0.15192288 0
vt 0.3926255 -0.15192288 0
vt 0.39507338 -0.1533253 0
vt 0.39288992 -0.1544149 0
vt 0.39171734 -0.15264572 0
vt 0.39290935 -0.15088719 0
vt 0.3926255 -0.15192288 0
vt 0.39243168 -0.15180808 0
vt 0.39272875 -0.15088598 0
vt 0.39171734 -0.15264572 0
vt 0.39163345 -0.15245292 0
vt 0.39185163 -0.15142019 0
vt 0.39243168 -0.15180808 0
vt 0.39163345 -0.15245292 0
vt 0.3912092 -0.15175705 0
vt 0.39209312 -0.15085292 0
vt 0.39272875 -0.15088598 0
vt 0.39243168 -0.15180808 0
vt 0.39185163 -0.15142019 0
vt 0.39193422 -0.15027155 0
vt 0.39253962 -0.14996612 0
vt 0.39272875 -0.15088598 0
vt 0.39209312 -0.15085292 0
vt 0.39137548 -0.14985132 0
vt 0.39188623 -0.14930415 0
vt 0.39253962 -0.14996612 0
vt 0.39193422 -0.15027155 0
vt 0.3927384 -0.14986229 0
vt 0.39253962 -0.14996612 0
vt 0.3912092 -0.15175705 0
vt 0.39137548 -0.14985132 0
vt 0.39198536 -0.14919545 0
vt 0.39188623 -0.14930415 0
vt 0.40691277 -0.14596136 0
vt 0.4069874 -0.14794153 0
vt 0.40500328 -0.14461823 0
vt 0.40584654 -0.1516571 0
vt 0.4069874 -0.14794153 0
vt 0.40741408 -0.1500376 0
vt 0.4022041 -0.1529493 0
vt 0.39867568 -0.15194966 0
vt 0.4022041 -0.1529493 0
vt 0.39804962 -0.14599872 0
vt 0.39698562 -0.14769976 0
vt 0.40120625 -0.14420174 0
vt 0.40120625 -0.14420174 0
vt 0.4004895 -0.14737412 0
vt 0.40019193 -0.14878386 0
vt 0.39720833 -0.14918283 0
vt 0.39804962 -0.14599872 0
vt 0.40019193 -0.14878386 0
vt 0.40077412 -0.15005188 0
vt 0.39867568 -0.15194966 0
vt 0.39720833 -0.14918283 0
vt 0.40077412 -0.15005188 0
vt 0.40207425 -0.15084834 0
vt 0.4022041 -0.1529493 0
vt 0.39867568 -0.15194966 0
vt 0.40207425 -0.15084834 0
vt 0.40328783 -0.14983855 0
vt 0.40584654 -0.1516571 0
vt 0.4022041 -0.1529493 0
vt 0.40328783 -0.14983855 0
vt 0.4035985 -0.14834979 0
vt 0.4069874 -0.14794153 0
vt 0.40584654 -0.1516571 0
vt 0.4035985 -0.14834979 0
vt 0.40295258 -0.14697185 0
vt 0.40500328 -0.14461823 0
vt 0.4069874 -0.14794153 0
vt 0.40295258 -0.14697185 0
vt 0.40155765 -0.14627989 0
vt 0.40120625 -0.14420174 0
vt 0.40500328 -0.14461823 0
vt 0.40155765 -0.14627989 0
vt 0.4004895 -0.14737412 0
vt 0.39804962 -0.14599872 0
vt 0.40120625 -0.14420174 0
vt 0.40019193 -0.14878386 0
vt 0.4004895 -0.14737412 0
vt 0.40058583 -0.14747466 0
vt 0.40030918 -0.14875706 0
vt 0.40077412 -0.15005188 0
vt 0.4008572 -0.14992754 0
vt 0.40207425 -0.15084834 0
vt 0.40205333 -0.1505133 0
vt 0.40155765 -0.14627989 0
vt 0.40295258 -0.14697185 0
vt 0.40286958 -0.14712694 0
vt 0.40161186 -0.14661384 0
vt 0.40030918 -0.14875706 0
vt 0.40058583 -0.14747466 0
vt 0.4010574 -0.14782408 0
vt 0.40086472 -0.14868319 0
vt 0.403171 -0.1497116 0
vt 0.40205333 -0.1505133 0
vt 0.4019918 -0.14980532 0
vt 0.40268424 -0.14932418 0
vt 0.40286958 -0.14712694 0
vt 0.40347093 -0.14836988 0
vt 0.40288588 -0.14844376 0
vt 0.40248287 -0.14761429 0
vt 0.40205333 -0.1505133 0
vt 0.4008572 -0.14992754 0
vt 0.40124524 -0.14948069 0
vt 0.4019918 -0.14980532 0
vt 0.40161186 -0.14661384 0
vt 0.40286958 -0.14712694 0
vt 0.40248287 -0.14761429 0
vt 0.40171686 -0.14731927 0
vt 0.40347093 -0.14836988 0
vt 0.403171 -0.1497116 0
vt 0.40268424 -0.14932418 0
vt 0.40288588 -0.14844376 0
vt 0.40058583 -0.14747466 0
vt 0.40161186 -0.14661384 0
vt 0.40171686 -0.14731927 0
vt 0.4010574 -0.14782408 0
vt 0.4008572 -0.14992754 0
vt 0.40030918 -0.14875706 0
vt 0.40086472 -0.14868319 0
vt 0.40124524 -0.14948069 0
vt 0.40328783 -0.14983855 0
vt 0.403171 -0.1497116 0
vt 0.4010574 -0.14782408 0
vt 0.40171686 -0.14731927 0
vt 0.40248287 -0.14761429 0
vt 0.40288588 -0.14844376 0
vt 0.40086472 -0.14868319 0
vt 0.40268424 -0.14932418 0
vt 0.4035985 -0.14834979 0
vt 0.40347093 -0.14836988 0
vt 0.4019918 -0.14980532 0
vt 0.40124524 -0.14948069 0
vt 0.59604174 -0.280617 0
vt 0.6011249 -0.2806204 0
vt 0.60106695 -0.3240468 0
vt 0.5959845 -0.3240401 0
vt 0.6011249 -0.2806204 0
vt 0.6061933 -0.2806238 0
vt 0.6061342 -0.32405356 0
vt 0.60106695 -0.3240468 0
vt 0.6061933 -0.2806238 0
vt 0.61126226 -0.2806273 0
vt 0.61120147 -0.32406047 0
vt 0.6061342 -0.32405356 0
vt 0.61126226 -0.2806273 0
vt 0.61120147 -0.32406047 0
vt 0.5562139 -0.26485658 0
vt 0.55796754 -0.26613063 0
vt 0.5603144 -0.26187763 0
vt 0.56098425 -0.26393902 0
vt 0.5653829 -0.2618776 0
vt 0.5647131 -0.263939 0
vt 0.5677298 -0.26613057 0
vt 0.35645664 -0.69361734 0
vt 0.36449146 -0.69374275 0
vt 0.36481822 -0.91322184 0
vt 0.3584454 -0.91323125 0
vt 0.33959055 -0.48087713 0
vt 0.34949934 -0.48115215 0
vt 0.35209286 -0.91325915 0
vt 0.33959055 -0.9133334 0
vt 0.35239434 -0.3564714 0
vt 0.359856 -0.35739312 0
vt 0.35803676 -0.42255494 0
vt 0.36038637 -0.4241849 0
vt 0.35854733 -0.47955403 0
vt 0.3548118 -0.48139617 0
vt 0.359856 -0.35739312 0
vt 0.35239434 -0.3564714 0
vt 0.5611657 -0.37086442 0
vt 0.5474956 -0.37607262 0
vt 0.5294337 -0.36188194 0
vt 0.5291581 -0.35583404 0
vt 0.5530182 -0.45066985 0
vt 0.550032 -0.4694903 0
vt 0.5348189 -0.49645233 0
vt 0.53445184 -0.48695195 0
vt 0.550032 -0.4694903 0
vt 0.5606147 -0.4764955 0
vt 0.58240974 -0.35278735 0
vt 0.5768987 -0.3597832 0
vt 0.5782803 -0.35127124 0
vt 0.57305884 -0.3650128 0
vt 0.5855291 -0.35453376 0
vt 0.5785098 -0.36023727 0
vt 0.5768987 -0.3597832 0
vt 0.58240974 -0.35278735 0
vt 0.5882491 -0.35789785 0
vt 0.5809008 -0.3626043 0
vt 0.5785098 -0.36023727 0
vt 0.5855291 -0.35453376 0
vt 0.57581973 -0.3675209 0
vt 0.57399774 -0.36567476 0
vt 0.57399774 -0.36567476 0
vt 0.57305884 -0.3650128 0
vt 0.5809008 -0.3626043 0
vt 0.5785098 -0.36023727 0
vt 0.5714258 -0.3683847 0
vt 0.57091177 -0.36814168 0
vt 0.5714258 -0.3683847 0
vt 0.568666 -0.37078282 0
vt 0.5680766 -0.37026343 0
vt 0.57091177 -0.36814168 0
vt 0.36329544 -0.35842308 0
vt 0.3642696 -0.38815185 0
vt 0.3637842 -0.3921053 0
vt 0.36083698 -0.39344427 0
vt 0.37019742 -0.5402144 0
vt 0.37146378 -0.5410882 0
vt 0.36486602 -0.39508745 0
vt 0.3706702 -0.39656875 0
vt 0.37006712 -0.42248794 0
vt 0.3628348 -0.42095408 0
vt 0.3628348 -0.42095408 0
vt 0.37006712 -0.42248794 0
vt 0.3672558 -0.42492947 0
vt 0.3631215 -0.42330977 0
vt 0.36707127 -0.39278075 0
vt 0.37195373 -0.39298066 0
vt 0.3706702 -0.39656875 0
vt 0.36486602 -0.39508745 0
vt 0.3548118 -0.48139617 0
vt 0.35854733 -0.47955403 0
vt 0.3619808 -0.48070237 0
vt 0.36116505 -0.48406383 0
vt 0.35528898 -0.50898325 0
vt 0.3548118 -0.48139617 0
vt 0.36116505 -0.48406383 0
vt 0.36205602 -0.5105884 0
vt 0.37146378 -0.5410882 0
vt 0.37019742 -0.5402144 0
vt 0.37563717 -0.5413902 0
vt 0.37208927 -0.543736 0
vt 0.3637842 -0.3921053 0
vt 0.36083698 -0.39344427 0
vt 0.35803676 -0.42255494 0
vt 0.3628348 -0.42095408 0
vt 0.3631215 -0.42330977 0
vt 0.36038637 -0.4241849 0
vt 0.36083698 -0.39344427 0
vt 0.35803676 -0.42255494 0
vt 0.37563717 -0.5413902 0
vt 0.37854505 -0.54721045 0
vt 0.37764454 -0.5494245 0
vt 0.37208927 -0.543736 0
vt 0.36890936 -0.44125077 0
vt 0.37417102 -0.4407837 0
vt 0.37308955 -0.4798288 0
vt 0.3677932 -0.47830662 0
vt 0.37854505 -0.54721045 0
vt 0.38014627 -0.54708326 0
vt 0.3817438 -0.5490041 0
vt 0.37764454 -0.5494245 0
vt 0.37639225 -0.39565548 0
vt 0.37329435 -0.397405 0
vt 0.38053286 -0.5406524 0
vt 0.38615096 -0.5414854 0
vt 0.3817438 -0.5490041 0
vt 0.38014627 -0.54708326 0
vt 0.37462008 -0.4219701 0
vt 0.37329435 -0.397405 0
vt 0.3752265 -0.5112598 0
vt 0.38220298 -0.51219296 0
vt 0.38053286 -0.5406524 0
vt 0.37563717 -0.5413902 0
vt 0.38014627 -0.54708326 0
vt 0.37854505 -0.54721045 0
vt 0.61633205 -0.0020579537 0
vt 0.62141544 -0.002057905 0
vt 0.6112638 -0.002057905 0
vt 0.61633205 -0.0020579537 0
vt 0.56437004 -0.464239 0
vt 0.5530182 -0.45066985 0
vt 0.5474956 -0.37607262 0
vt 0.5611657 -0.37086442 0
vt 0.42489648 -0.10483417 0
vt 0.42771763 -0.07313962 0
vt 0.4370905 -0.07490018 0
vt 0.43266574 -0.10549472 0
vt 0.41278422 -0.10505366 0
vt 0.41232705 -0.07249004 0
vt 0.41799998 -0.07241212 0
vt 0.4169614 -0.104798004 0
vt 0.42762315 -0.20243889 0
vt 0.44065037 -0.25676057 0
vt 0.43236196 -0.25897878 0
vt 0.42184398 -0.20380092 0
vt 0.4215324 -0.17613132 0
vt 0.41739655 -0.17692287 0
vt 0.44040334 -0.17106298 0
vt 0.4516863 -0.19303757 0
vt 0.44280958 -0.19746631 0
vt 0.43331626 -0.17390387 0
vt 0.43331626 -0.17390387 0
vt 0.44280958 -0.19746631 0
vt 0.43338674 -0.20104441 0
vt 0.4257025 -0.17579795 0
vt 0.44770017 -0.16701351 0
vt 0.46006352 -0.18732193 0
vt 0.4516863 -0.19303757 0
vt 0.44040334 -0.17106298 0
vt 0.48414385 -0.2397055 0
vt 0.4666266 -0.24797538 0
vt 0.4666266 -0.24797538 0
vt 0.4489536 -0.25466996 0
vt 0.50164783 -0.229011 0
vt 0.48414385 -0.2397055 0
vt 0.45669764 -0.31837994 0
vt 0.4450223 -0.32173246 0
vt 0.50891715 -0.29856122 0
vt 0.4887399 -0.3069375 0
vt 0.5287902 -0.28966868 0
vt 0.50891715 -0.29856122 0
vt 0.4887399 -0.3069375 0
vt 0.46805936 -0.31456065 0
vt 0.5854002 -0.43184128 0
vt 0.5876832 -0.436532 0
vt 0.5741198 -0.4526843 0
vt 0.5693537 -0.45098773 0
vt 0.57853436 -0.48549044 0
vt 0.5820184 -0.48175526 0
vt 0.57458043 -0.47381604 0
vt 0.56970596 -0.47593045 0
vt 0.60893226 -0.43496314 0
vt 0.6073972 -0.43947777 0
vt 0.58956254 -0.44066694 0
vt 0.5876832 -0.436532 0
vt 0.5741198 -0.4526843 0
vt 0.5782913 -0.454168 0
vt 0.5787269 -0.47182715 0
vt 0.57458043 -0.47381604 0
vt 0.5876832 -0.436532 0
vt 0.58956254 -0.44066694 0
vt 0.5782913 -0.454168 0
vt 0.5741198 -0.4526843 0
vt 0.5820184 -0.48175526 0
vt 0.5852406 -0.4780916 0
vt 0.5922313 -0.4840827 0
vt 0.5906414 -0.4887588 0
vt 0.36874354 -0.5096276 0
vt 0.36769724 -0.48188803 0
vt 0.36874354 -0.5096276 0
vt 0.3752265 -0.5112598 0
vt 0.37563717 -0.5413902 0
vt 0.37019742 -0.5402144 0
vt 0.4169614 -0.104798004 0
vt 0.41799998 -0.07241212 0
vt 0.42771763 -0.07313962 0
vt 0.42489648 -0.10483417 0
vt 0.43266574 -0.10549472 0
vt 0.4370905 -0.07490018 0
vt 0.4460171 -0.077465534 0
vt 0.44102424 -0.10691425 0
vt 0.4420711 -0.057547774 0
vt 0.4553198 -0.06167422 0
vt 0.41855672 -0.054142784 0
vt 0.43038592 -0.05519526 0
vt 0.41251668 -0.05430549 0
vt 0.41855672 -0.054142784 0
vt 0.43038592 -0.05519526 0
vt 0.4420711 -0.057547774 0
vt 0.4145615 -0.012704674 0
vt 0.42237255 -0.013769735 0
vt 0.44934225 -0.01811232 0
vt 0.4636001 -0.02101608 0
vt 0.42237255 -0.013769735 0
vt 0.43597287 -0.015727703 0
vt 0.43597287 -0.015727703 0
vt 0.44934225 -0.01811232 0
vt 0.5661119 -0.39051363 0
vt 0.5689864 -0.39151993 0
vt 0.6081357 -0.38023874 0
vt 0.60631907 -0.38246337 0
vt 0.5983075 -0.37668094 0
vt 0.5990956 -0.37362185 0
vt 0.5787785 -0.3744767 0
vt 0.5803734 -0.37761512 0
vt 0.5689864 -0.39151993 0
vt 0.5728599 -0.3927416 0
vt 0.57435155 -0.40841392 0
vt 0.57068884 -0.4101843 0
vt 0.60631907 -0.38246337 0
vt 0.603228 -0.38589516 0
vt 0.59712327 -0.3806754 0
vt 0.5983075 -0.37668094 0
vt 0.5803734 -0.37761512 0
vt 0.582371 -0.38154712 0
vt 0.5728599 -0.3927416 0
vt 0.5689864 -0.39151993 0
vt 0.5983075 -0.37668094 0
vt 0.59712327 -0.3806754 0
vt 0.582371 -0.38154712 0
vt 0.5803734 -0.37761512 0
vt 0.37827396 -0.47997245 0
vt 0.37308955 -0.4798288 0
vt 0.37417102 -0.4407837 0
vt 0.37935555 -0.44092736 0
vt 0.3672558 -0.42492947 0
vt 0.37006712 -0.42248794 0
vt 0.36769724 -0.48188803 0
vt 0.37308955 -0.4798288 0
vt 0.43843687 -0.116642684 0
vt 0.43123102 -0.11536056 0
vt 0.42445138 -0.11498271 0
vt 0.41749167 -0.115457 0
vt 0.42657706 -0.15454869 0
vt 0.42821676 -0.1598341 0
vt 0.42236516 -0.16205773 0
vt 0.42098317 -0.15615448 0
vt 0.43123102 -0.11536056 0
vt 0.42445138 -0.11498271 0
vt 0.43172336 -0.15271257 0
vt 0.43365303 -0.15742475 0
vt 0.42821676 -0.1598341 0
vt 0.42657706 -0.15454869 0
vt 0.41362995 -0.11619133 0
vt 0.40952682 -0.1164988 0
vt 0.40855145 -0.1053569 0
vt 0.4178318 -0.15684257 0
vt 0.41899848 -0.16328797 0
vt 0.41546744 -0.16368997 0
vt 0.4145992 -0.15731534 0
vt 0.42098317 -0.15615448 0
vt 0.42236516 -0.16205773 0
vt 0.41749167 -0.115457 0
vt 0.61277723 -0.38984182 0
vt 0.60892713 -0.3917028 0
vt 0.40635598 -0.053952504 0
vt 0.406541 -0.011857573 0
vt 0.40665165 -0.07236105 0
vt 0.57458043 -0.47381604 0
vt 0.5787269 -0.47182715 0
vt 0.4489536 -0.25466996 0
vt 0.46805936 -0.31456065 0
vt 0.4257025 -0.17579795 0
vt 0.43338674 -0.20104441 0
vt 0.41792426 -0.13056202 0
vt 0.41843683 -0.13950026 0
vt 0.4153896 -0.13979372 0
vt 0.41455975 -0.13028298 0
vt 0.42038447 -0.15303676 0
vt 0.41729906 -0.15361926 0
vt 0.41230518 -0.14020696 0
vt 0.41110158 -0.13076097 0
vt 0.4141623 -0.15406324 0
vt 0.42931542 -0.13140735 0
vt 0.4291511 -0.13906235 0
vt 0.42396712 -0.13917679 0
vt 0.4237758 -0.13093932 0
vt 0.4308815 -0.15021613 0
vt 0.4258713 -0.15172075 0
vt 0.4237758 -0.13093932 0
vt 0.42396712 -0.13917679 0
vt 0.41843683 -0.13950026 0
vt 0.41792426 -0.13056202 0
vt 0.4258713 -0.15172075 0
vt 0.42038447 -0.15303676 0
vt 0.4291511 -0.13906235 0
vt 0.42931542 -0.13140735 0
vt 0.43478188 -0.13202758 0
vt 0.43403837 -0.13907179 0
vt 0.4159706 -0.14456953 0
vt 0.41293427 -0.14498487 0
vt 0.4165932 -0.14904115 0
vt 0.41353488 -0.1494578 0
vt 0.418974 -0.14418417 0
vt 0.41961172 -0.14857364 0
vt 0.43164957 -0.14326537 0
vt 0.43348065 -0.14149714 0
vt 0.43017134 -0.14658605 0
vt 0.43284342 -0.14895834 0
vt 0.43623802 -0.15076098 0
vt 0.4387208 -0.15465005 0
vt 0.43365303 -0.15742475 0
vt 0.43172336 -0.15271257 0
vt 0.43284342 -0.14895834 0
vt 0.43515733 -0.14988966 0
vt 0.43570682 -0.14282095 0
vt 0.43500885 -0.14409716 0
vt 0.43164957 -0.14326537 0
vt 0.43348065 -0.14149714 0
vt 0.43500885 -0.14409716 0
vt 0.4350363 -0.14555617 0
vt 0.43017134 -0.14658605 0
vt 0.43164957 -0.14326537 0
vt 0.4350363 -0.14555617 0
vt 0.43558148 -0.14690833 0
vt 0.43284342 -0.14895834 0
vt 0.43017134 -0.14658605 0
vt 0.43558148 -0.14690833 0
vt 0.43671244 -0.14781587 0
vt 0.43515733 -0.14988966 0
vt 0.43284342 -0.14895834 0
vt 0.4350363 -0.14555617 0
vt 0.43526122 -0.14551166 0
vt 0.435807 -0.14672624 0
vt 0.43558148 -0.14690833 0
vt 0.4369061 -0.14755686 0
vt 0.43671244 -0.14781587 0
vt 0.43655786 -0.14611334 0
vt 0.43751252 -0.14652008 0
vt 0.4369061 -0.14755686 0
vt 0.435807 -0.14672624 0
vt 0.4361341 -0.14533785 0
vt 0.43655786 -0.14611334 0
vt 0.435807 -0.14672624 0
vt 0.43526122 -0.14551166 0
vt 0.43623644 -0.14445503 0
vt 0.4361341 -0.14533785 0
vt 0.43526122 -0.14551166 0
vt 0.43529335 -0.14417848 0
vt 0.43695018 -0.14369053 0
vt 0.43623644 -0.14445503 0
vt 0.43529335 -0.14417848 0
vt 0.4359821 -0.14297956 0
vt 0.43500885 -0.14409716 0
vt 0.43529335 -0.14417848 0
vt 0.43695018 -0.14369053 0
vt 0.43751252 -0.14652008 0
vt 0.43570682 -0.14282095 0
vt 0.4359821 -0.14297956 0
vt 0.42502737 -0.14754145 0
vt 0.41961172 -0.14857364 0
vt 0.418974 -0.14418417 0
vt 0.4243761 -0.14340034 0
vt 0.42502737 -0.14754145 0
vt 0.43164957 -0.14326537 0
vt 0.42941758 -0.14303438 0
vt 0.4243761 -0.14340034 0
vt 0.45032418 -0.37355408 0
vt 0.45001733 -0.37728485 0
vt 0.4491738 -0.37707075 0
vt 0.449705 -0.37339792 0
vt 0.45045185 -0.38004515 0
vt 0.44937956 -0.37971613 0
vt 0.44996524 -0.37933037 0
vt 0.4508772 -0.37899587 0
vt 0.36518264 -0.379222 0
vt 0.3669051 -0.35834536 0
vt 0.4538511 -0.40867922 0
vt 0.45979476 -0.40739688 0
vt 0.45030665 -0.37757143 0
vt 0.4509045 -0.37782928 0
vt 0.4508772 -0.37899587 0
vt 0.44996524 -0.37933037 0
vt 0.4509045 -0.37782928 0
vt 0.45222235 -0.37797877 0
vt 0.45240045 -0.378419 0
vt 0.4508772 -0.37899587 0
vt 0.45001733 -0.37728485 0
vt 0.45073712 -0.37712404 0
vt 0.4509045 -0.37782928 0
vt 0.45030665 -0.37757143 0
vt 0.44937956 -0.37971613 0
vt 0.45001733 -0.37728485 0
vt 0.45249355 -0.37821457 0
vt 0.45247233 -0.37821564 0
vt 0.45246196 -0.3781353 0
vt 0.45245016 -0.37815163 0
vt 0.45240045 -0.378419 0
vt 0.45222235 -0.37797877 0
vt 0.45246196 -0.3781353 0
vt 0.45249355 -0.37821457 0
vt 0.45243132 -0.37792 0
vt 0.45266032 -0.3783917 0
vt 0.45247233 -0.37821564 0
vt 0.45245016 -0.37815163 0
vt 0.45246184 -0.37814638 0
vt 0.45246434 -0.37814566 0
vt 0.45247233 -0.37821564 0
vt 0.45249355 -0.37821457 0
vt 0.45246434 -0.37814566 0
vt 0.45245695 -0.37814745 0
vt 0.45979476 -0.40739688 0
vt 0.4538511 -0.40867922 0
vt 0.45445442 -0.40787086 0
vt 0.45896602 -0.40700433 0
vt 0.45033777 -0.3803794 0
vt 0.45318377 -0.3799475 0
vt 0.45896602 -0.40700433 0
vt 0.45445442 -0.40787086 0
vt 0.4529606 -0.37955114 0
vt 0.45979476 -0.40739688 0
vt 0.45896602 -0.40700433 0
vt 0.45318377 -0.3799475 0
vt 0.4538511 -0.40867922 0
vt 0.45045185 -0.38004515 0
vt 0.45033777 -0.3803794 0
vt 0.45445442 -0.40787086 0
vt 0.45318377 -0.3799475 0
vt 0.45033777 -0.3803794 0
vt 0.64249516 -0.002084186 0
vt 0.6475637 -0.0020851109 0
vt 0.60112685 -0.0020813146 0
vt 0.60619533 -0.0020813632 0
vt 0.6475637 -0.0020851109 0
vt 0.6526468 -0.0020703156 0
vt 0.59604377 -0.0020656434 0
vt 0.60112685 -0.0020813146 0
vt 0.6374268 -0.0020597544 0
vt 0.64249516 -0.002084186 0
vt 0.60619533 -0.0020813632 0
vt 0.6112638 -0.002057905 0
vt 0.35209286 -0.91325915 0
vt 0.34883976 -0.9190527 0
vt 0.34007335 -0.9198059 0
vt 0.33959055 -0.9133334 0
vt 0.34932268 -0.9255253 0
vt 0.35353506 -0.93048894 0
vt 0.4493879 -0.9361712 0
vt 0.46341157 -0.9363607 0
vt 0.4626677 -0.94350994 0
vt 0.45298803 -0.9423926 0
vt 0.4474206 -0.9548999 0
vt 0.45224416 -0.9495418 0
vt 0.44224453 -0.936057 0
vt 0.44026697 -0.4448149 0
vt 0.44003224 -0.4483193 0
vt 0.43491364 -0.44566151 0
vt 0.4458394 -0.4473326 0
vt 0.44659102 -0.45103738 0
vt 0.43753314 -0.39818427 0
vt 0.440907 -0.38390777 0
vt 0.4390366 -0.39849183 0
vt 0.43912935 -0.38272282 0
vt 0.43602955 -0.3978767 0
vt 0.41762424 -0.48058853 0
vt 0.41217995 -0.48058853 0
vt 0.40673578 -0.48058853 0
vt 0.42809606 -0.445237 0
vt 0.43262005 -0.41287073 0
vt 0.4305954 -0.44539258 0
vt 0.43012083 -0.41271517 0
vt 0.4255967 -0.44508144 0
vt 0.42762148 -0.4125596 0
vt 0.3584454 -0.91323125 0
vt 0.36329544 -0.35842308 0
vt 0.36769724 -0.48188803 0
vt 0.3677932 -0.47830662 0
vt 0.37308955 -0.4798288 0
vt 0.3619808 -0.48070237 0
vt 0.36116505 -0.48406383 0
vt 0.37462008 -0.4219701 0
vt 0.37639225 -0.39565548 0
vt 0.37971103 -0.4213116 0
vt 0.37329435 -0.397405 0
vt 0.37462008 -0.4219701 0
vt 0.38995624 -0.5132375 0
vt 0.38995624 -0.5132375 0
vt 0.38220298 -0.51219296 0
vt 0.38127458 -0.48005554 0
vt 0.38535678 -0.44109353 0
vt 0.3842752 -0.48013863 0
vt 0.38235617 -0.44101045 0
vt 0.37827396 -0.47997245 0
vt 0.37935555 -0.44092736 0
vt 0.44937956 -0.37971613 0
vt 0.45045185 -0.38004515 0
# 1178 texture coords

usemtl Metal
s 2
f 400/400/400 401/401/401 402/402/402
f 403/403/403 404/404/404 405/405/405
f 406/406/406 407/407/407 408/408/408
f 409/409/409 410/410/410 411/411/411
f 412/412/412 413/413/413 414/414/414
f 415/415/415 416/416/416 417/417/417
f 418/418/418 419/419/419 420/420/420
f 421/421/421 422/422/422 423/423/423
f 424/424/424 425/425/425 426/426/426
f 427/427/427 428/428/428 429/429/429
f 429/429/429 428/428/428 430/430/430
f 431/431/431 432/432/432 433/433/433
f 401/401/401 434/434/434 402/402/402
f 435/435/435 436/436/436 437/437/437
f 438/438/438 439/439/439 440/440/440
f 441/441/441 442/442/442 443/443/443
f 444/444/444 445/445/445 446/446/446
f 447/447/447 448/448/448 449/449/449
f 450/450/450 451/451/451 452/452/452
f 453/453/453 454/454/454 455/455/455
f 456/456/456 457/457/457 458/458/458
f 459/459/459 460/460/460 461/461/461
f 462/462/462 463/463/463 464/464/464
f 465/465/465 466/466/466 467/467/467
f 468/468/468 426/426/426 425/425/425
f 469/469/469 470/470/470 471/471/471
f 470/470/470 472/472/472 471/471/471
f 473/473/473 433/433/433 432/432/432
f 446/446/446 445/445/445 474/474/474
f 475/475/475 476/476/476 477/477/477
f 478/478/478 479/479/479 480/480/480
f 481/481/481 482/482/482 483/483/483
f 484/484/484 485/485/485 486/486/486
f 487/487/487 488/488/488 489/489/489
f 490/490/490 491/491/491 492/492/492
f 493/493/493 494/494/494 495/495/495
f 496/496/496 497/497/497 498/498/498
f 499/499/499 500/500/500 501/501/501
f 502/502/502 503/503/503 504/504/504
f 505/505/505 506/506/506 507/507/507
f 508/508/508 509/509/509 510/510/510
f 511/511/511 512/512/512 513/513/513
f 514/514/514 515/515/515 516/516/516
f 517/517/517 518/518/518 519/519/519
f 520/520/520 521/521/521 522/522/522
f 523/523/523 524/524/524 525/525/525
f 526/526/526 527/527/527 528/528/528
f 529/529/529 530/530/530 531/531/531
f 532/532/532 533/533/533 534/534/534
f 535/535/535 536/536/536 537/537/537
f 508/508/508 510/510/510 538/538/538
f 539/539/539 487/487/487 489/489/489
f 540/540/540 512/512/512 511/511/511
f 535/535/535 541/541/541 536/536/536
f 542/542/542 543/543/543 544/544/544
f 542/542/542 544/544/544 545/545/545
f 546/546/546 547/547/547 548/548/548
f 546/546/546 548/548/548 549/549/549
f 550/550/550 551/551/551 552/552/552
f 550/550/550 552/552/552 553/553/553
f 554/554/554 555/555/555 556/556/556
f 554/554/554 556/556/556 557/557/557
f 558/558/558 559/559/559 400/400/400
f 558/558/558 400/400/400 402/402/402
f 560/560/560 561/561/561 562/562/562
f 560/560/560 562/562/562 563/563/563
f 561/561/561 564/564/564 565/565/565
f 561/561/561 565/565/565 562/562/562
f 564/564/564 566/566/566 567/567/567
f 564/564/564 567/567/567 565/565/565
f 566/566/566 568/568/568 431/431/431
f 566/566/566 431/431/431 567/567/567
f 568/568/568 569/569/569 432/432/432
f 568/568/568 432/432/432 431/431/431
f 570/570/570 571/571/571 572/572/572
f 570/570/570 572/572/572 573/573/573
f 574/574/574 575/575/575 576/576/576
f 574/574/574 576/576/576 577/577/577
f 578/578/578 579/579/579 580/580/580
f 578/578/578 580/580/580 581/581/581
f 581/581/581 580/580/580 582/582/582
f 581/581/581 582/582/582 583/583/583
f 584/584/584 585/585/585 586/586/586
f 584/584/584 586/586/586 587/587/587
f 419/419/419 588/588/588 589/589/589
f 419/419/419 589/589/589 420/420/420
f 590/590/590 591/591/591 592/592/592
f 590/590/590 592/592/592 593/593/593
f 543/543/543 542/542/542 594/594/594
f 543/543/543 594/594/594 595/595/595
f 595/595/595 594/594/594 596/596/596
f 595/595/595 596/596/596 597/597/597
f 598/598/598 599/599/599 600/600/600
f 598/598/598 600/600/600 601/601/601
f 602/602/602 603/603/603 604/604/604
f 602/602/602 604/604/604 605/605/605
f 605/605/605 604/604/604 606/606/606
f 605/605/605 606/606/606 607/607/607
f 608/608/608 609/609/609 610/610/610
f 608/608/608 610/610/610 611/611/611
f 612/612/612 613/613/613 614/614/614
f 612/612/612 614/614/614 615/615/615
f 616/616/616 617/617/617 422/422/422
f 616/616/616 422/422/422 421/421/421
f 611/611/611 610/610/610 618/618/618
f 611/611/611 618/618/618 619/619/619
f 620/620/620 621/621/621 617/617/617
f 620/620/620 617/617/617 616/616/616
f 607/607/607 606/606/606 425/425/425
f 607/607/607 425/425/425 424/424/424
f 619/619/619 618/618/618 622/622/622
f 619/619/619 622/622/622 623/623/623
f 624/624/624 625/625/625 626/626/626
f 624/624/624 626/626/626 627/627/627
f 628/628/628 629/629/629 630/630/630
f 628/628/628 630/630/630 631/631/631
f 632/632/632 570/570/570 573/573/573
f 632/632/632 573/573/573 633/633/633
f 634/634/634 635/635/635 636/636/636
f 634/634/634 636/636/636 637/637/637
f 638/638/638 639/639/639 640/640/640
f 638/638/638 640/640/640 641/641/641
f 642/642/642 643/643/643 644/644/644
f 642/642/642 644/644/644 645/645/645
f 646/646/646 647/647/647 648/648/648
f 646/646/646 648/648/648 649/649/649
f 650/650/650 651/651/651 652/652/652
f 650/650/650 652/652/652 653/653/653
f 654/654/654 655/655/655 656/656/656
f 654/654/654 656/656/656 657/657/657
f 658/658/658 659/659/659 643/643/643
f 658/658/658 643/643/643 642/642/642
f 660/660/660 661/661/661 662/662/662
f 660/660/660 662/662/662 663/663/663
f 664/664/664 665/665/665 635/635/635
f 664/664/664 635/635/635 634/634/634
f 666/666/666 667/667/667 668/668/668
f 666/666/666 668/668/668 669/669/669
f 670/670/670 671/671/671 672/672/672
f 670/670/670 672/672/672 673/673/673
f 674/674/674 675/675/675 676/676/676
f 674/674/674 676/676/676 677/677/677
f 644/644/644 678/678/678 679/679/679
f 644/644/644 679/679/679 645/645/645
f 680/680/680 681/681/681 682/682/682
f 680/680/680 682/682/682 683/683/683
f 684/684/684 685/685/685 637/637/637
f 684/684/684 637/637/637 636/636/636
f 686/686/686 687/687/687 688/688/688
f 686/686/686 688/688/688 689/689/689
f 688/688/688 687/687/687 690/690/690
f 688/688/688 690/690/690 691/691/691
f 692/692/692 402/402/402 434/434/434
f 692/692/692 434/434/434 693/693/693
f 694/694/694 558/558/558 402/402/402
f 694/694/694 402/402/402 695/695/695
f 696/696/696 697/697/697 698/698/698
f 696/696/696 698/698/698 699/699/699
f 699/699/699 600/600/600 599/599/599
f 699/699/699 599/599/599 696/696/696
f 700/700/700 701/701/701 702/702/702
f 700/700/700 702/702/702 703/703/703
f 704/704/704 705/705/705 706/706/706
f 704/704/704 706/706/706 707/707/707
f 708/708/708 709/709/709 710/710/710
f 708/708/708 710/710/710 711/711/711
f 712/712/712 713/713/713 709/709/709
f 712/712/712 709/709/709 708/708/708
f 714/714/714 715/715/715 716/716/716
f 714/714/714 716/716/716 717/717/717
f 718/718/718 719/719/719 720/720/720
f 718/718/718 720/720/720 721/721/721
f 722/722/722 723/723/723 724/724/724
f 722/722/722 724/724/724 725/725/725
f 717/717/717 716/716/716 726/726/726
f 717/717/717 726/726/726 727/727/727
f 721/721/721 720/720/720 728/728/728
f 721/721/721 728/728/728 729/729/729
f 725/725/725 724/724/724 730/730/730
f 725/725/725 730/730/730 731/731/731
f 711/711/711 710/710/710 732/732/732
f 711/711/711 732/732/732 733/733/733
f 727/727/727 726/726/726 734/734/734
f 727/727/727 734/734/734 735/735/735
f 731/731/731 730/730/730 736/736/736
f 731/731/731 736/736/736 737/737/737
f 729/729/729 728/728/728 738/738/738
f 729/729/729 738/738/738 739/739/739
f 740/740/740 741/741/741 742/742/742
f 740/740/740 742/742/742 743/743/743
f 744/744/744 745/745/745 746/746/746
f 744/744/744 746/746/746 747/747/747
f 748/748/748 740/740/740 743/743/743
f 748/748/748 743/743/743 749/749/749
f 741/741/741 750/750/750 751/751/751
f 741/741/741 751/751/751 742/742/742
f 752/752/752 753/753/753 754/754/754
f 752/752/752 754/754/754 755/755/755
f 756/756/756 757/757/757 758/758/758
f 756/756/756 758/758/758 759/759/759
f 760/760/760 761/761/761 762/762/762
f 760/760/760 762/762/762 763/763/763
f 764/764/764 765/765/765 766/766/766
f 764/764/764 766/766/766 767/767/767
f 768/768/768 769/769/769 652/652/652
f 768/768/768 652/652/652 651/651/651
f 770/770/770 771/771/771 772/772/772
f 770/770/770 772/772/772 773/773/773
f 774/774/774 775/775/775 776/776/776
f 774/774/774 776/776/776 777/777/777
f 778/778/778 779/779/779 780/780/780
f 778/778/778 780/780/780 781/781/781
f 781/781/781 780/780/780 782/782/782
f 781/781/781 782/782/782 783/783/783
f 777/777/777 776/776/776 784/784/784
f 777/777/777 784/784/784 785/785/785
f 707/707/707 706/706/706 786/786/786
f 707/707/707 786/786/786 787/787/787
f 703/703/703 702/702/702 788/788/788
f 703/703/703 788/788/788 789/789/789
f 787/787/787 786/786/786 790/790/790
f 787/787/787 790/790/790 791/791/791
f 783/783/783 782/782/782 792/792/792
f 783/783/783 792/792/792 793/793/793
f 785/785/785 784/784/784 794/794/794
f 785/785/785 794/794/794 795/795/795
f 789/789/789 788/788/788 796/796/796
f 789/789/789 796/796/796 797/797/797
f 798/798/798 799/799/799 800/800/800
f 798/798/798 800/800/800 801/801/801
f 802/802/802 803/803/803 804/804/804
f 802/802/802 804/804/804 805/805/805
f 806/806/806 798/798/798 801/801/801
f 806/806/806 801/801/801 807/807/807
f 803/803/803 806/806/806 807/807/807
f 803/803/803 807/807/807 804/804/804
f 808/808/808 809/809/809 810/810/810
f 808/808/808 810/810/810 811/811/811
f 812/812/812 813/813/813 814/814/814
f 812/812/812 814/814/814 815/815/815
f 816/816/816 817/817/817 818/818/818
f 816/816/816 818/818/818 819/819/819
f 820/820/820 821/821/821 822/822/822
f 820/820/820 822/822/822 823/823/823
f 824/824/824 825/825/825 826/826/826
f 824/824/824 826/826/826 827/827/827
f 828/828/828 670/670/670 673/673/673
f 828/828/828 673/673/673 829/829/829
f 830/830/830 770/770/770 773/773/773
f 830/830/830 773/773/773 831/831/831
f 427/427/427 768/768/768 651/651/651
f 427/427/427 651/651/651 428/428/428
f 430/430/430 428/428/428 651/651/651
f 430/430/430 651/651/651 650/650/650
f 779/779/779 778/778/778 832/832/832
f 779/779/779 832/832/832 833/833/833
f 775/775/775 774/774/774 834/834/834
f 775/775/775 834/834/834 835/835/835
f 836/836/836 837/837/837 838/838/838
f 836/836/836 838/838/838 839/839/839
f 701/701/701 700/700/700 840/840/840
f 701/701/701 840/840/840 841/841/841
f 842/842/842 843/843/843 844/844/844
f 842/842/842 844/844/844 845/845/845
f 704/704/704 846/846/846 847/847/847
f 704/704/704 847/847/847 848/848/848
f 849/849/849 850/850/850 851/851/851
f 849/849/849 851/851/851 852/852/852
f 853/853/853 849/849/849 852/852/852
f 853/853/853 852/852/852 854/854/854
f 705/705/705 704/704/704 848/848/848
f 705/705/705 848/848/848 855/855/855
f 856/856/856 812/812/812 815/815/815
f 856/856/856 815/815/815 857/857/857
f 858/858/858 802/802/802 805/805/805
f 858/858/858 805/805/805 859/859/859
f 860/860/860 787/787/787 791/791/791
f 860/860/860 791/791/791 861/861/861
f 862/862/862 707/707/707 787/787/787
f 862/862/862 787/787/787 860/860/860
f 863/863/863 764/764/764 767/767/767
f 863/863/863 767/767/767 864/864/864
f 750/750/750 744/744/744 747/747/747
f 750/750/750 747/747/747 751/751/751
f 865/865/865 711/711/711 733/733/733
f 865/865/865 733/733/733 866/866/866
f 867/867/867 712/712/712 708/708/708
f 867/867/867 708/708/708 868/868/868
f 868/868/868 708/708/708 711/711/711
f 868/868/868 711/711/711 865/865/865
f 846/846/846 704/704/704 707/707/707
f 846/846/846 707/707/707 862/862/862
f 869/869/869 870/870/870 871/871/871
f 869/869/869 871/871/871 872/872/872
f 873/873/873 874/874/874 849/849/849
f 873/873/873 849/849/849 853/853/853
f 870/870/870 875/875/875 876/876/876
f 870/870/870 876/876/876 871/871/871
f 874/874/874 877/877/877 850/850/850
f 874/874/874 850/850/850 849/849/849
f 878/878/878 879/879/879 880/880/880
f 878/878/878 880/880/880 881/881/881
f 882/882/882 883/883/883 843/843/843
f 882/882/882 843/843/843 842/842/842
f 884/884/884 885/885/885 886/886/886
f 884/884/884 886/886/886 887/887/887
f 888/888/888 889/889/889 837/837/837
f 888/888/888 837/837/837 836/836/836
f 890/890/890 891/891/891 892/892/892
f 890/890/890 892/892/892 893/893/893
f 871/871/871 876/876/876 894/894/894
f 871/871/871 894/894/894 895/895/895
f 895/895/895 894/894/894 896/896/896
f 895/895/895 896/896/896 439/439/439
f 439/439/439 896/896/896 877/877/877
f 439/439/439 877/877/877 874/874/874
f 872/872/872 871/871/871 895/895/895
f 872/872/872 895/895/895 897/897/897
f 438/438/438 897/897/897 895/895/895
f 438/438/438 895/895/895 439/439/439
f 440/440/440 439/439/439 874/874/874
f 440/440/440 874/874/874 873/873/873
f 898/898/898 899/899/899 891/891/891
f 898/898/898 891/891/891 890/890/890
f 842/842/842 900/900/900 443/443/443
f 901/901/901 902/902/902 903/903/903
f 901/901/901 903/903/903 904/904/904
f 901/901/901 905/905/905 906/906/906
f 901/901/901 906/906/906 902/902/902
f 907/907/907 908/908/908 909/909/909
f 907/907/907 909/909/909 910/910/910
f 911/911/911 912/912/912 913/913/913
f 911/911/911 913/913/913 914/914/914
f 915/915/915 916/916/916 917/917/917
f 915/915/915 917/917/917 918/918/918
f 919/919/919 920/920/920 921/921/921
f 919/919/919 921/921/921 922/922/922
f 923/923/923 924/924/924 925/925/925
f 923/923/923 925/925/925 926/926/926
f 924/924/924 927/927/927 928/928/928
f 924/924/924 928/928/928 925/925/925
f 929/929/929 930/930/930 931/931/931
f 929/929/929 931/931/931 932/932/932
f 933/933/933 934/934/934 935/935/935
f 933/933/933 935/935/935 936/936/936
f 937/937/937 938/938/938 939/939/939
f 937/937/937 939/939/939 940/940/940
f 941/941/941 942/942/942 943/943/943
f 941/941/941 943/943/943 944/944/944
f 945/945/945 923/923/923 926/926/926
f 945/945/945 926/926/926 946/946/946
f 437/437/437 436/436/436 947/947/947
f 437/437/437 947/947/947 948/948/948
f 949/949/949 945/945/945 946/946/946
f 949/949/949 946/946/946 950/950/950
f 951/951/951 952/952/952 953/953/953
f 951/951/951 953/953/953 886/886/886
f 889/889/889 954/954/954 955/955/955
f 889/889/889 955/955/955 956/956/956
f 888/888/888 957/957/957 954/954/954
f 888/888/888 954/954/954 889/889/889
f 882/882/882 958/958/958 959/959/959
f 882/882/882 959/959/959 883/883/883
f 443/443/443 442/442/442 958/958/958
f 443/443/443 958/958/958 882/882/882
f 881/881/881 960/960/960 442/442/442
f 881/881/881 442/442/442 961/961/961
f 961/961/961 442/442/442 441/441/441
f 961/961/961 441/441/441 881/881/881
f 880/880/880 962/962/962 960/960/960
f 880/880/880 960/960/960 881/881/881
f 886/886/886 953/953/953 963/963/963
f 886/886/886 963/963/963 887/887/887
f 964/964/964 965/965/965 966/966/966
f 964/964/964 966/966/966 967/967/967
f 968/968/968 969/969/969 970/970/970
f 968/968/968 970/970/970 971/971/971
f 972/972/972 973/973/973 974/974/974
f 972/972/972 974/974/974 975/975/975
f 976/976/976 977/977/977 978/978/978
f 976/976/976 978/978/978 979/979/979
f 980/980/980 981/981/981 982/982/982
f 980/980/980 982/982/982 983/983/983
f 984/984/984 985/985/985 986/986/986
f 984/984/984 986/986/986 987/987/987
f 988/988/988 989/989/989 990/990/990
f 988/988/988 990/990/990 991/991/991
f 992/992/992 993/993/993 994/994/994
f 992/992/992 994/994/994 995/995/995
f 996/996/996 997/997/997 998/998/998
f 996/996/996 998/998/998 999/999/999
f 1000/1000/1000 996/996/996 999/999/999
f 1000/1000/1000 999/999/999 1001/1001/1001
f 1002/1002/1002 1000/1000/1000 1001/1001/1001
f 1002/1002/1002 1001/1001/1001 1003/1003/1003
f 1004/1004/1004 1005/1005/1005 1006/1006/1006
f 1004/1004/1004 1006/1006/1006 1007/1007/1007
f 1008/1008/1008 1009/1009/1009 1010/1010/1010
f 1008/1008/1008 1010/1010/1010 1011/1011/1011
f 1012/1012/1012 1013/1013/1013 1014/1014/1014
f 1012/1012/1012 1014/1014/1014 1015/1015/1015
f 1016/1016/1016 1017/1017/1017 1018/1018/1018
f 1016/1016/1016 1018/1018/1018 1019/1019/1019
f 1020/1020/1020 1021/1021/1021 1022/1022/1022
f 1020/1020/1020 1022/1022/1022 1023/1023/1023
f 1024/1024/1024 1025/1025/1025 1026/1026/1026
f 1024/1024/1024 1026/1026/1026 1027/1027/1027
f 1028/1028/1028 1029/1029/1029 1030/1030/1030
f 1028/1028/1028 1030/1030/1030 1031/1031/1031
f 1032/1032/1032 1033/1033/1033 1034/1034/1034
f 1032/1032/1032 1034/1034/1034 1035/1035/1035
f 1036/1036/1036 1037/1037/1037 1038/1038/1038
f 1036/1036/1036 1038/1038/1038 1039/1039/1039
f 997/997/997 1004/1004/1004 1007/1007/1007
f 997/997/997 1007/1007/1007 998/998/998
f 1040/1040/1040 1002/1002/1002 1003/1003/1003
f 1040/1040/1040 1003/1003/1003 1041/1041/1041
f 1042/1042/1042 1043/1043/1043 1044/1044/1044
f 1042/1042/1042 1044/1044/1044 1045/1045/1045
f 1046/1046/1046 1042/1042/1042 1045/1045/1045
f 1046/1046/1046 1045/1045/1045 1047/1047/1047
f 1048/1048/1048 1040/1040/1040 1041/1041/1041
f 1048/1048/1048 1041/1041/1041 1049/1049/1049
f 1050/1050/1050 1051/1051/1051 1046/1046/1046
f 1050/1050/1050 1046/1046/1046 1047/1047/1047
f 1005/1005/1005 1048/1048/1048 1049/1049/1049
f 1005/1005/1005 1049/1049/1049 1006/1006/1006
f 1052/1052/1052 1053/1053/1053 1054/1054/1054
f 1052/1052/1052 1054/1054/1054 1055/1055/1055
f 1056/1056/1056 1057/1057/1057 1058/1058/1058
f 1056/1056/1056 1058/1058/1058 1059/1059/1059
f 1060/1060/1060 1061/1061/1061 1062/1062/1062
f 1060/1060/1060 1062/1062/1062 1063/1063/1063
f 1064/1064/1064 445/445/445 444/444/444
f 1064/1064/1064 444/444/444 1065/1065/1065
f 560/560/560 563/563/563 1066/1066/1066
f 560/560/560 1066/1066/1066 1067/1067/1067
f 1067/1067/1067 1066/1066/1066 1068/1068/1068
f 1067/1067/1067 1068/1068/1068 1069/1069/1069
f 1069/1069/1069 1068/1068/1068 1070/1070/1070
f 1069/1069/1069 1070/1070/1070 1071/1071/1071
f 1071/1071/1071 1070/1070/1070 473/473/473
f 1071/1071/1071 473/473/473 1072/1072/1072
f 1072/1072/1072 473/473/473 432/432/432
f 1072/1072/1072 432/432/432 569/569/569
f 1073/1073/1073 1074/1074/1074 1075/1075/1075
f 1073/1073/1073 1075/1075/1075 1076/1076/1076
f 1077/1077/1077 1078/1078/1078 1079/1079/1079
f 1077/1077/1077 1079/1079/1079 1080/1080/1080
f 1081/1081/1081 1082/1082/1082 1078/1078/1078
f 1081/1081/1081 1078/1078/1078 1077/1077/1077
f 1083/1083/1083 1084/1084/1084 1085/1085/1085
f 1083/1083/1083 1085/1085/1085 1086/1086/1086
f 464/464/464 463/463/463 1087/1087/1087
f 464/464/464 1087/1087/1087 1088/1088/1088
f 1089/1089/1089 1090/1090/1090 1091/1091/1091
f 1089/1089/1089 1091/1091/1091 1092/1092/1092
f 545/545/545 1093/1093/1093 594/594/594
f 545/545/545 594/594/594 542/542/542
f 1093/1093/1093 1094/1094/1094 596/596/596
f 1093/1093/1093 596/596/596 594/594/594
f 1095/1095/1095 1096/1096/1096 1097/1097/1097
f 1095/1095/1095 1097/1097/1097 1098/1098/1098
f 1099/1099/1099 1100/1100/1100 604/604/604
f 1099/1099/1099 604/604/604 1101/1101/1101
f 1100/1100/1100 1102/1102/1102 606/606/606
f 1100/1100/1100 606/606/606 604/604/604
f 1103/1103/1103 1104/1104/1104 1105/1105/1105
f 1103/1103/1103 1105/1105/1105 1106/1106/1106
f 1107/1107/1107 1108/1108/1108 1109/1109/1109
f 1107/1107/1107 1109/1109/1109 1110/1110/1110
f 1111/1111/1111 465/465/465 467/467/467
f 1111/1111/1111 467/467/467 1112/1112/1112
f 1104/1104/1104 1113/1113/1113 1114/1114/1114
f 1104/1104/1104 1114/1114/1114 1105/1105/1105
f 1115/1115/1115 1111/1111/1111 1112/1112/1112
f 1115/1115/1115 1112/1112/1112 1116/1116/1116
f 1102/1102/1102 468/468/468 425/425/425
f 1102/1102/1102 425/425/425 606/606/606
f 1113/1113/1113 1117/1117/1117 1118/1118/1118
f 1113/1113/1113 1118/1118/1118 1114/1114/1114
f 1119/1119/1119 1120/1120/1120 1121/1121/1121
f 1119/1119/1119 1121/1121/1121 1122/1122/1122
f 1123/1123/1123 1124/1124/1124 1125/1125/1125
f 1123/1123/1123 1125/1125/1125 1126/1126/1126
f 1127/1127/1127 1128/1128/1128 1074/1074/1074
f 1127/1127/1127 1074/1074/1074 1073/1073/1073
f 1129/1129/1129 1130/1130/1130 1131/1131/1131
f 1129/1129/1129 1131/1131/1131 1132/1132/1132
f 1133/1133/1133 1134/1134/1134 1135/1135/1135
f 1133/1133/1133 1135/1135/1135 1136/1136/1136
f 1137/1137/1137 1138/1138/1138 1139/1139/1139
f 1137/1137/1137 1139/1139/1139 1140/1140/1140
f 1141/1141/1141 1142/1142/1142 1143/1143/1143
f 1141/1141/1141 1143/1143/1143 1144/1144/1144
f 1145/1145/1145 1146/1146/1146 1147/1147/1147
f 1145/1145/1145 1147/1147/1147 1148/1148/1148
f 1149/1149/1149 1150/1150/1150 1151/1151/1151
f 1149/1149/1149 1151/1151/1151 1152/1152/1152
f 1153/1153/1153 1137/1137/1137 1140/1140/1140
f 1153/1153/1153 1140/1140/1140 1154/1154/1154
f 1155/1155/1155 1156/1156/1156 1157/1157/1157
f 1155/1155/1155 1157/1157/1157 1158/1158/1158
f 1159/1159/1159 1129/1129/1129 1132/1132/1132
f 1159/1159/1159 1132/1132/1132 1160/1160/1160
f 1161/1161/1161 1162/1162/1162 1163/1163/1163
f 1161/1161/1161 1163/1163/1163 1164/1164/1164
f 1165/1165/1165 1166/1166/1166 1167/1167/1167
f 1165/1165/1165 1167/1167/1167 1168/1168/1168
f 1169/1169/1169 1170/1170/1170 1171/1171/1171
f 1169/1169/1169 1171/1171/1171 1172/1172/1172
f 1139/1139/1139 1138/1138/1138 1173/1173/1173
f 1139/1139/1139 1173/1173/1173 1174/1174/1174
f 1175/1175/1175 1176/1176/1176 1177/1177/1177
f 1175/1175/1175 1177/1177/1177 1178/1178/1178
f 1179/1179/1179 1131/1131/1131 1130/1130/1130
f 1179/1179/1179 1130/1130/1130 1180/1180/1180
f 1181/1181/1181 1182/1182/1182 1183/1183/1183
f 1181/1181/1181 1183/1183/1183 1184/1184/1184
f 1183/1183/1183 1185/1185/1185 1186/1186/1186
f 1183/1183/1183 1186/1186/1186 1184/1184/1184
f 1187/1187/1187 1188/1188/1188 474/474/474
f 1187/1187/1187 474/474/474 445/445/445
f 1189/1189/1189 1190/1190/1190 445/445/445
f 1189/1189/1189 445/445/445 1064/1064/1064
f 1191/1191/1191 1192/1192/1192 1193/1193/1193
f 1191/1191/1191 1193/1193/1193 1194/1194/1194
f 1192/1192/1192 1191/1191/1191 1098/1098/1098
f 1192/1192/1192 1098/1098/1098 1097/1097/1097
f 1195/1195/1195 1196/1196/1196 1197/1197/1197
f 1195/1195/1195 1197/1197/1197 1198/1198/1198
f 1199/1199/1199 1200/1200/1200 1201/1201/1201
f 1199/1199/1199 1201/1201/1201 1202/1202/1202
f 1203/1203/1203 1204/1204/1204 1205/1205/1205
f 1203/1203/1203 1205/1205/1205 1206/1206/1206
f 1207/1207/1207 1203/1203/1203 1206/1206/1206
f 1207/1207/1207 1206/1206/1206 1208/1208/1208
f 1209/1209/1209 1210/1210/1210 1211/1211/1211
f 1209/1209/1209 1211/1211/1211 1212/1212/1212
f 1213/1213/1213 1214/1214/1214 1215/1215/1215
f 1213/1213/1213 1215/1215/1215 1216/1216/1216
f 1217/1217/1217 1218/1218/1218 1219/1219/1219
f 1217/1217/1217 1219/1219/1219 1220/1220/1220
f 1210/1210/1210 1221/1221/1221 1222/1222/1222
f 1210/1210/1210 1222/1222/1222 1211/1211/1211
f 1214/1214/1214 1223/1223/1223 1224/1224/1224
f 1214/1214/1214 1224/1224/1224 1215/1215/1215
f 1218/1218/1218 1225/1225/1225 1226/1226/1226
f 1218/1218/1218 1226/1226/1226 1219/1219/1219
f 1204/1204/1204 1227/1227/1227 1228/1228/1228
f 1204/1204/1204 1228/1228/1228 1205/1205/1205
f 1221/1221/1221 1229/1229/1229 1230/1230/1230
f 1221/1221/1221 1230/1230/1230 1222/1222/1222
f 1225/1225/1225 1231/1231/1231 1232/1232/1232
f 1225/1225/1225 1232/1232/1232 1226/1226/1226
f 1223/1223/1223 1233/1233/1233 1234/1234/1234
f 1223/1223/1223 1234/1234/1234 1224/1224/1224
f 1235/1235/1235 1236/1236/1236 1237/1237/1237
f 1235/1235/1235 1237/1237/1237 1238/1238/1238
f 1239/1239/1239 1240/1240/1240 746/746/746
f 1239/1239/1239 746/746/746 745/745/745
f 748/748/748 749/749/749 1236/1236/1236
f 748/748/748 1236/1236/1236 1235/1235/1235
f 1238/1238/1238 1237/1237/1237 1241/1241/1241
f 1238/1238/1238 1241/1241/1241 1242/1242/1242
f 1243/1243/1243 1244/1244/1244 1245/1245/1245
f 1243/1243/1243 1245/1245/1245 1246/1246/1246
f 1247/1247/1247 1248/1248/1248 1249/1249/1249
f 1247/1247/1247 1249/1249/1249 1250/1250/1250
f 1251/1251/1251 1252/1252/1252 1253/1253/1253
f 1251/1251/1251 1253/1253/1253 1254/1254/1254
f 1255/1255/1255 1256/1256/1256 1257/1257/1257
f 1255/1255/1255 1257/1257/1257 1258/1258/1258
f 1259/1259/1259 1148/1148/1148 1147/1147/1147
f 1259/1259/1259 1147/1147/1147 1260/1260/1260
f 1261/1261/1261 1262/1262/1262 1263/1263/1263
f 1261/1261/1261 1263/1263/1263 1264/1264/1264
f 1265/1265/1265 1266/1266/1266 1267/1267/1267
f 1265/1265/1265 1267/1267/1267 1268/1268/1268
f 1269/1269/1269 1270/1270/1270 1271/1271/1271
f 1269/1269/1269 1271/1271/1271 1272/1272/1272
f 1270/1270/1270 1273/1273/1273 1274/1274/1274
f 1270/1270/1270 1274/1274/1274 1271/1271/1271
f 1266/1266/1266 1275/1275/1275 1276/1276/1276
f 1266/1266/1266 1276/1276/1276 1267/1267/1267
f 1200/1200/1200 1277/1277/1277 1278/1278/1278
f 1200/1200/1200 1278/1278/1278 1201/1201/1201
f 1196/1196/1196 1279/1279/1279 1280/1280/1280
f 1196/1196/1196 1280/1280/1280 1197/1197/1197
f 1277/1277/1277 1281/1281/1281 1282/1282/1282
f 1277/1277/1277 1282/1282/1282 1278/1278/1278
f 1273/1273/1273 1283/1283/1283 1284/1284/1284
f 1273/1273/1273 1284/1284/1284 1274/1274/1274
f 1275/1275/1275 1285/1285/1285 1286/1286/1286
f 1275/1275/1275 1286/1286/1286 1276/1276/1276
f 1279/1279/1279 1287/1287/1287 1288/1288/1288
f 1279/1279/1279 1288/1288/1288 1280/1280/1280
f 1289/1289/1289 1290/1290/1290 800/800/800
f 1289/1289/1289 800/800/800 799/799/799
f 1291/1291/1291 1292/1292/1292 1293/1293/1293
f 1291/1291/1291 1293/1293/1293 1294/1294/1294
f 1295/1295/1295 1296/1296/1296 1290/1290/1290
f 1295/1295/1295 1290/1290/1290 1289/1289/1289
f 1294/1294/1294 1293/1293/1293 1296/1296/1296
f 1294/1294/1294 1296/1296/1296 1295/1295/1295
f 1297/1297/1297 1298/1298/1298 1299/1299/1299
f 1297/1297/1297 1299/1299/1299 1300/1300/1300
f 1301/1301/1301 1302/1302/1302 1303/1303/1303
f 1301/1301/1301 1303/1303/1303 1304/1304/1304
f 1305/1305/1305 1306/1306/1306 1307/1307/1307
f 1305/1305/1305 1307/1307/1307 1308/1308/1308
f 1309/1309/1309 1310/1310/1310 1311/1311/1311
f 1309/1309/1309 1311/1311/1311 1312/1312/1312
f 1313/1313/1313 1314/1314/1314 1315/1315/1315
f 1313/1313/1313 1315/1315/1315 1316/1316/1316
f 1317/1317/1317 1318/1318/1318 1166/1166/1166
f 1317/1317/1317 1166/1166/1166 1165/1165/1165
f 1319/1319/1319 1320/1320/1320 1262/1262/1262
f 1319/1319/1319 1262/1262/1262 1261/1261/1261
f 469/469/469 471/471/471 1148/1148/1148
f 469/469/469 1148/1148/1148 1259/1259/1259
f 472/472/472 1145/1145/1145 1148/1148/1148
f 472/472/472 1148/1148/1148 471/471/471
f 1272/1272/1272 1321/1321/1321 1322/1322/1322
f 1272/1272/1272 1322/1322/1322 1269/1269/1269
f 1268/1268/1268 1323/1323/1323 1324/1324/1324
f 1268/1268/1268 1324/1324/1324 1265/1265/1265
f 1325/1325/1325 1326/1326/1326 1327/1327/1327
f 1325/1325/1325 1327/1327/1327 1328/1328/1328
f 1198/1198/1198 1329/1329/1329 1330/1330/1330
f 1198/1198/1198 1330/1330/1330 1195/1195/1195
f 1331/1331/1331 1332/1332/1332 1333/1333/1333
f 1331/1331/1331 1333/1333/1333 1334/1334/1334
f 1199/1199/1199 1335/1335/1335 1336/1336/1336
f 1199/1199/1199 1336/1336/1336 1337/1337/1337
f 1338/1338/1338 1339/1339/1339 1340/1340/1340
f 1338/1338/1338 1340/1340/1340 1341/1341/1341
f 1342/1342/1342 1343/1343/1343 1339/1339/1339
f 1342/1342/1342 1339/1339/1339 1338/1338/1338
f 1202/1202/1202 1344/1344/1344 1335/1335/1335
f 1202/1202/1202 1335/1335/1335 1199/1199/1199
f 1345/1345/1345 1346/1346/1346 1302/1302/1302
f 1345/1345/1345 1302/1302/1302 1301/1301/1301
f 858/858/858 859/859/859 1292/1292/1292
f 858/858/858 1292/1292/1292 1291/1291/1291
f 1347/1347/1347 1348/1348/1348 1281/1281/1281
f 1347/1347/1347 1281/1281/1281 1277/1277/1277
f 1349/1349/1349 1347/1347/1347 1277/1277/1277
f 1349/1349/1349 1277/1277/1277 1200/1200/1200
f 1350/1350/1350 1351/1351/1351 1256/1256/1256
f 1350/1350/1350 1256/1256/1256 1255/1255/1255
f 1242/1242/1242 1241/1241/1241 1240/1240/1240
f 1242/1242/1242 1240/1240/1240 1239/1239/1239
f 1352/1352/1352 1353/1353/1353 1227/1227/1227
f 1352/1352/1352 1227/1227/1227 1204/1204/1204
f 1354/1354/1354 1355/1355/1355 1203/1203/1203
f 1354/1354/1354 1203/1203/1203 1207/1207/1207
f 1355/1355/1355 1352/1352/1352 1204/1204/1204
f 1355/1355/1355 1204/1204/1204 1203/1203/1203
f 1337/1337/1337 1349/1349/1349 1200/1200/1200
f 1337/1337/1337 1200/1200/1200 1199/1199/1199
f 1356/1356/1356 1357/1357/1357 1358/1358/1358
f 1356/1356/1356 1358/1358/1358 1359/1359/1359
f 1360/1360/1360 1342/1342/1342 1338/1338/1338
f 1360/1360/1360 1338/1338/1338 1361/1361/1361
f 1359/1359/1359 1358/1358/1358 1362/1362/1362
f 1359/1359/1359 1362/1362/1362 1363/1363/1363
f 1361/1361/1361 1338/1338/1338 1341/1341/1341
f 1361/1361/1361 1341/1341/1341 1364/1364/1364
f 1365/1365/1365 1366/1366/1366 1367/1367/1367
f 1365/1365/1365 1367/1367/1367 1368/1368/1368
f 1369/1369/1369 1331/1331/1331 1334/1334/1334
f 1369/1369/1369 1334/1334/1334 1370/1370/1370
f 1371/1371/1371 1372/1372/1372 1373/1373/1373
f 1371/1371/1371 1373/1373/1373 1374/1374/1374
f 1375/1375/1375 1325/1325/1325 1328/1328/1328
f 1375/1375/1375 1328/1328/1328 1376/1376/1376
f 1377/1377/1377 1378/1378/1378 1379/1379/1379
f 1377/1377/1377 1379/1379/1379 1380/1380/1380
f 1358/1358/1358 1381/1381/1381 1382/1382/1382
f 1358/1358/1358 1382/1382/1382 1362/1362/1362
f 1381/1381/1381 1383/1383/1383 1384/1384/1384
f 1381/1381/1381 1384/1384/1384 1382/1382/1382
f 1383/1383/1383 1361/1361/1361 1364/1364/1364
f 1383/1383/1383 1364/1364/1364 1384/1384/1384
f 1357/1357/1357 1385/1385/1385 1381/1381/1381
f 1357/1357/1357 1381/1381/1381 1358/1358/1358
f 1386/1386/1386 1360/1360/1360 1361/1361/1361
f 1386/1386/1386 1361/1361/1361 1383/1383/1383
f 1387/1387/1387 1377/1377/1377 1380/1380/1380
f 1387/1387/1387 1380/1380/1380 1388/1388/1388
f 1331/1331/1331 1389/1389/1389 1390/1390/1390
f 1391/1391/1391 1392/1392/1392 1393/1393/1393
f 1391/1391/1391 1393/1393/1393 1394/1394/1394
f 1391/1391/1391 1394/1394/1394 1395/1395/1395
f 1391/1391/1391 1395/1395/1395 1396/1396/1396
f 1397/1397/1397 1398/1398/1398 1399/1399/1399
f 1397/1397/1397 1399/1399/1399 1400/1400/1400
f 1401/1401/1401 1402/1402/1402 1403/1403/1403
f 1401/1401/1401 1403/1403/1403 1404/1404/1404
f 1405/1405/1405 1406/1406/1406 1407/1407/1407
f 1405/1405/1405 1407/1407/1407 1408/1408/1408
f 1409/1409/1409 1410/1410/1410 1411/1411/1411
f 1409/1409/1409 1411/1411/1411 1412/1412/1412
f 1413/1413/1413 1414/1414/1414 1415/1415/1415
f 1413/1413/1413 1415/1415/1415 1416/1416/1416
f 1416/1416/1416 1415/1415/1415 1417/1417/1417
f 1416/1416/1416 1417/1417/1417 1418/1418/1418
f 1419/1419/1419 1420/1420/1420 1421/1421/1421
f 1419/1419/1419 1421/1421/1421 1422/1422/1422
f 1423/1423/1423 1424/1424/1424 1425/1425/1425
f 1423/1423/1423 1425/1425/1425 1426/1426/1426
f 1427/1427/1427 1428/1428/1428 1429/1429/1429
f 1427/1427/1427 1429/1429/1429 1430/1430/1430
f 1431/1431/1431 1432/1432/1432 1433/1433/1433
f 1431/1431/1431 1433/1433/1433 1434/1434/1434
f 1435/1435/1435 1436/1436/1436 1414/1414/1414
f 1435/1435/1435 1414/1414/1414 1413/1413/1413
f 476/476/476 1437/1437/1437 1438/1438/1438
f 476/476/476 1438/1438/1438 477/477/477
f 1439/1439/1439 1440/1440/1440 1436/1436/1436
f 1439/1439/1439 1436/1436/1436 1435/1435/1435
f 1383/1383/1383 1381/1381/1381 1385/1385/1385
f 1383/1383/1383 1385/1385/1385 1386/1386/1386
f 1369/1369/1369 1370/1370/1370 1441/1441/1441
f 1369/1369/1369 1441/1441/1441 1389/1389/1389
f 1442/1442/1442 1443/1443/1443 1444/1444/1444
f 1442/1442/1442 1444/1444/1444 1445/1445/1445
f 1376/1376/1376 1442/1442/1442 1445/1445/1445
f 1376/1376/1376 1445/1445/1445 1375/1375/1375
f 1443/1443/1443 1373/1373/1373 1372/1372/1372
f 1443/1443/1443 1372/1372/1372 1444/1444/1444
f 1366/1366/1366 1446/1446/1446 1389/1389/1389
f 1366/1366/1366 1389/1389/1389 1447/1447/1447
f 1448/1448/1448 1447/1447/1447 1389/1389/1389
f 1448/1448/1448 1389/1389/1389 1441/1441/1441
f 1447/1447/1447 1448/1448/1448 1367/1367/1367
f 1447/1447/1447 1367/1367/1367 1366/1366/1366
f 1449/1449/1449 1450/1450/1450 1451/1451/1451
f 1449/1449/1449 1451/1451/1451 1452/1452/1452
f 1450/1450/1450 628/628/628 631/631/631
f 1450/1450/1450 631/631/631 1451/1451/1451
f 1453/1453/1453 1454/1454/1454 1455/1455/1455
f 1453/1453/1453 1455/1455/1455 1456/1456/1456
f 1457/1457/1457 1124/1124/1124 1123/1123/1123
f 1457/1457/1457 1123/1123/1123 1458/1458/1458
f 1459/1459/1459 1460/1460/1460 574/574/574
f 1459/1459/1459 574/574/574 577/577/577
f 481/481/481 1453/1453/1453 1456/1456/1456
f 481/481/481 1456/1456/1456 482/482/482
f 1461/1461/1461 1462/1462/1462 1463/1463/1463
f 1461/1461/1461 1463/1463/1463 1464/1464/1464
f 1465/1465/1465 1466/1466/1466 1467/1467/1467
f 1465/1465/1465 1467/1467/1467 1468/1468/1468
f 1469/1469/1469 1470/1470/1470 1471/1471/1471
f 1469/1469/1469 1471/1471/1471 1472/1472/1472
f 1473/1473/1473 1474/1474/1474 1461/1461/1461
f 1473/1473/1473 1461/1461/1461 1464/1464/1464
f 1470/1470/1470 478/478/478 480/480/480
f 1470/1470/1470 480/480/480 1471/1471/1471
f 483/483/483 482/482/482 1475/1475/1475
f 483/483/483 1475/1475/1475 1476/1476/1476
f 1477/1477/1477 1478/1478/1478 508/508/508
f 1477/1477/1477 508/508/508 538/538/538
f 1479/1479/1479 1480/1480/1480 1481/1481/1481
f 1479/1479/1479 1481/1481/1481 1482/1482/1482
f 480/480/480 479/479/479 1478/1478/1478
f 480/480/480 1478/1478/1478 1477/1477/1477
f 1483/1483/1483 1484/1484/1484 1485/1485/1485
f 1483/1483/1483 1485/1485/1485 1486/1486/1486
f 1482/1482/1482 1481/1481/1481 1487/1487/1487
f 1482/1482/1482 1487/1487/1487 1488/1488/1488
f 1489/1489/1489 1490/1490/1490 1491/1491/1491
f 1489/1489/1489 1491/1491/1491 1492/1492/1492
f 1486/1486/1486 1485/1485/1485 539/539/539
f 1486/1486/1486 539/539/539 489/489/489
f 1493/1493/1493 1494/1494/1494 1495/1495/1495
f 1493/1493/1493 1495/1495/1495 1496/1496/1496
f 1497/1497/1497 1498/1498/1498 1499/1499/1499
f 1497/1497/1497 1499/1499/1499 1500/1500/1500
f 1501/1501/1501 1502/1502/1502 1503/1503/1503
f 1501/1501/1501 1503/1503/1503 1504/1504/1504
f 1505/1505/1505 1506/1506/1506 1507/1507/1507
f 1505/1505/1505 1507/1507/1507 1508/1508/1508
f 1453/1453/1453 481/481/481 1509/1509/1509
f 1453/1453/1453 1509/1509/1509 1510/1510/1510
f 550/550/550 553/553/553 1511/1511/1511
f 550/550/550 1511/1511/1511 1512/1512/1512
f 1057/1057/1057 1056/1056/1056 1513/1513/1513
f 1057/1057/1057 1513/1513/1513 1514/1514/1514
f 546/546/546 549/549/549 1515/1515/1515
f 546/546/546 1515/1515/1515 1516/1516/1516
f 1053/1053/1053 1052/1052/1052 1517/1517/1517
f 1053/1053/1053 1517/1517/1517 1518/1518/1518
f 1519/1519/1519 1520/1520/1520 554/554/554
f 1519/1519/1519 554/554/554 557/557/557
f 1061/1061/1061 1060/1060/1060 1521/1521/1521
f 1061/1061/1061 1521/1521/1521 1522/1522/1522
f 1523/1523/1523 1524/1524/1524 1525/1525/1525
f 1523/1523/1523 1525/1525/1525 1526/1526/1526
f 1525/1525/1525 1524/1524/1524 1527/1527/1527
f 1525/1525/1525 1527/1527/1527 1528/1528/1528
f 1529/1529/1529 1530/1530/1530 1531/1531/1531
f 1529/1529/1529 1531/1531/1531 1532/1532/1532
f 1531/1531/1531 1533/1533/1533 1534/1534/1534
f 1531/1531/1531 1534/1534/1534 1532/1532/1532
f 576/576/576 653/653/653 577/577/577
f 653/653/653 576/576/576 650/650/650
f 650/650/650 576/576/576 430/430/430
f 430/430/430 576/576/576 429/429/429
f 429/429/429 576/576/576 1535/1535/1535
f 1536/1536/1536 1537/1537/1537 1538/1538/1538
f 1537/1537/1537 1536/1536/1536 1539/1539/1539
f 1537/1537/1537 1539/1539/1539 1540/1540/1540
f 1541/1541/1541 1542/1542/1542 1543/1543/1543
f 1542/1542/1542 1541/1541/1541 1544/1544/1544
f 1544/1544/1544 1541/1541/1541 1545/1545/1545
f 683/683/683 1546/1546/1546 680/680/680
f 1546/1546/1546 683/683/683 1547/1547/1547
f 1547/1547/1547 683/683/683 1548/1548/1548
f 1549/1549/1549 1550/1550/1550 1551/1551/1551
f 1550/1550/1550 1549/1549/1549 1552/1552/1552
f 1552/1552/1552 1549/1549/1549 1553/1553/1553
f 1552/1552/1552 1553/1553/1553 1554/1554/1554
f 1145/1145/1145 1078/1078/1078 1146/1146/1146
f 1078/1078/1078 1145/1145/1145 1079/1079/1079
f 1079/1079/1079 1145/1145/1145 472/472/472
f 1079/1079/1079 472/472/472 470/470/470
f 1079/1079/1079 470/470/470 1555/1555/1555
f 1159/1159/1159 1082/1082/1082 1556/1556/1556
f 1082/1082/1082 1159/1159/1159 1078/1078/1078
f 1078/1078/1078 1159/1159/1159 1160/1160/1160
f 1078/1078/1078 1160/1160/1160 1146/1146/1146
f 1557/1557/1557 1558/1558/1558 1559/1559/1559
f 1558/1558/1558 1557/1557/1557 1560/1560/1560
f 1560/1560/1560 1557/1557/1557 1561/1561/1561
f 1562/1562/1562 1563/1563/1563 1564/1564/1564
f 1563/1563/1563 1562/1562/1562 1565/1565/1565
f 1565/1565/1565 1562/1562/1562 1566/1566/1566
f 1175/1175/1175 1567/1567/1567 1176/1176/1176
f 1567/1567/1567 1175/1175/1175 1568/1568/1568
f 1568/1568/1568 1175/1175/1175 1569/1569/1569
f 1570/1570/1570 1571/1571/1571 1572/1572/1572
f 1571/1571/1571 1570/1570/1570 1573/1573/1573
f 1573/1573/1573 1570/1570/1570 1574/1574/1574
f 1573/1573/1573 1574/1574/1574 1575/1575/1575
f 1459/1459/1459 1576/1576/1576 1577/1577/1577
f 1576/1576/1576 1459/1459/1459 664/664/664
f 664/664/664 1459/1459/1459 665/665/665
f 665/665/665 1459/1459/1459 653/653/653
f 653/653/653 1459/1459/1459 577/577/577
#851 polygons

g Object_6

#
# object Object_6
#

v -0.0049448907 0.030679654 0.023430508
v -0.0049448907 0.030679656 0.04028099
v -0.0059198644 0.030596219 0.04028099
v -0.0059198644 0.030596217 0.023430508
v -0.0034229185 0.045761626 -0.011607158
v -0.006845837 0.04706021 -0.011607158
v -0.007530422 0.0464332 -0.011607158
v -0.003765211 0.045004763 -0.011607158
v -0.006845837 0.047060214 0.024617868
v -0.0034229185 0.04576163 0.024617868
v -0.003765211 0.045004766 0.024617868
v -0.007530422 0.046433207 0.024617868
v -0.009442799 0.053330295 -0.011607158
v -0.01038708 0.053330295 -0.011607158
v -0.0027655768 0.036131423 -0.02873177
v -0.003765211 0.045004763 -0.030559957
v 0 0.04357632 -0.030559957
v 0 0.0360056 -0.02873177
v -0.006845837 0.04706021 -0.030559957
v -0.0034229185 0.04576163 -0.030559957
v -0.007530422 0.0464332 -0.030559957
v -0.009442799 0.0533303 0.024617871
v -0.01038708 0.0533303 0.024617871
v -0.009442799 0.05333029 -0.030559957
v -0.01038708 0.05333029 -0.030559957
v -0.009442799 0.053330295 0.040499512
v -0.006845837 0.05960039 0.04049951
v -0.007530422 0.0602274 0.04049951
v -0.01038708 0.053330295 0.040499512
v 0 0.062197547 0.040499512
v 0 0.06308427 0.040499512
v -0.002767581 0.03614922 0.023537263
v 0 0.043576322 0.024617868
v 0 0.036020786 0.023537263
v -0.0053380425 0.035274345 0.04028099
v -0.0053736833 0.03610896 0.04028099
v -0.0063130157 0.035190906 0.04028099
v 0 0.063084275 -0.030559959
v -0.007530422 0.060227398 -0.030559959
v -0.007530422 0.0602274 -0.011607159
v 0 0.063084275 -0.011607159
v -0.01038708 0.05333029 -0.030559957
v -0.007530422 0.0464332 -0.030559957
v -0.007530422 0.0464332 -0.011607158
v -0.01038708 0.053330295 -0.011607158
v -0.007530422 0.060227398 -0.030559959
v -0.01038708 0.05333029 -0.030559957
v -0.01038708 0.053330295 -0.011607158
v -0.007530422 0.0602274 -0.011607159
v -0.0027655768 0.036131423 -0.011326536
v 0 0.036005605 -0.011326536
v 0 0.04357632 -0.011607158
v -0.007530422 0.0464332 -0.030559957
v -0.003765211 0.045004763 -0.030559957
v -0.003765211 0.045004763 -0.011607158
v -0.007530422 0.0464332 -0.011607158
v 0 0.044463046 -0.030559957
v 0 0.044463046 -0.011607158
v 0 0.062197547 -0.030559959
v -0.006845837 0.059600387 -0.030559959
v -0.007530422 0.060227398 -0.030559959
v 0 0.063084275 -0.030559959
v -0.006845837 0.05960039 -0.011607159
v 0 0.06219755 -0.011607159
v 0 0.063084275 -0.011607159
v -0.007530422 0.0602274 -0.011607159
v 0 0.063084275 0.02461787
v -0.007530422 0.0602274 0.024617866
v -0.007530422 0.0602274 0.04049951
v 0 0.06308427 0.040499512
v -0.01038708 0.0533303 0.024617871
v -0.007530422 0.046433207 0.024617868
v -0.007530422 0.046433207 0.04049951
v -0.01038708 0.053330295 0.040499512
v -0.007530422 0.0602274 0.024617866
v -0.01038708 0.0533303 0.024617871
v -0.01038708 0.053330295 0.040499512
v -0.007530422 0.0602274 0.04049951
v -0.0027655768 0.036131423 -0.011326536
v -0.003765211 0.045004763 -0.011607158
v -0.003765211 0.045004763 -0.030559957
v -0.0027655768 0.036131423 -0.02873177
v -0.007530422 0.046433207 0.024617868
v -0.003765211 0.045004766 0.024617868
v -0.003765211 0.04500476 0.04049951
v -0.007530422 0.046433207 0.04049951
v -0.006845837 0.047060214 0.04049951
v -0.007530422 0.046433207 0.04049951
v -0.0034229185 0.045761626 0.04049951
v -0.003765211 0.04500476 0.04049951
v 0 0.04446305 0.024617868
v 0 0.044463042 0.04049951
v 0 0.04357632 0.04049951
v 0 0.062197555 0.02461787
v -0.006845837 0.05960039 0.024617866
v -0.007530422 0.0602274 0.024617866
v 0 0.063084275 0.02461787
v -0.002767581 0.03614922 0.040300637
v -0.003765211 0.04500476 0.04049951
v -0.003765211 0.045004766 0.024617868
v -0.002767581 0.03614922 0.023537263
v -0.002767581 0.03614922 0.040300637
v 0 0.036020786 0.040300637
v -0.0063130157 0.035190903 -0.011299429
v -0.0063130157 0.0351909 -0.028555185
v -0.0059198644 0.030596213 -0.028555183
v -0.0059198644 0.030596213 -0.011299429
v -0.0059198644 0.030596217 0.023430508
v -0.0059198644 0.030596219 0.04028099
v -0.0063130157 0.035190906 0.04028099
v -0.0063130157 0.035190906 0.023430506
v -0.0053380425 0.035274345 0.023430506
v -0.0049448907 0.030679654 0.023430508
v -0.0059198644 0.030596217 0.023430508
v -0.0063130157 0.035190906 0.023430506
v -0.0049448907 0.030679656 0.04028099
v -0.0059198644 0.030596219 0.04028099
v -0.0049448907 0.03067965 -0.011299429
v -0.0053380425 0.03527434 -0.011299429
v -0.0063130157 0.035190903 -0.011299429
v -0.0059198644 0.030596213 -0.011299429
v -0.0049448907 0.03067965 -0.028555183
v -0.0049448907 0.03067965 -0.011299429
v -0.0059198644 0.030596213 -0.011299429
v -0.0059198644 0.030596213 -0.028555183
v -0.0053380425 0.035274338 -0.028555185
v -0.0049448907 0.03067965 -0.028555183
v -0.0059198644 0.030596213 -0.028555183
v -0.0063130157 0.0351909 -0.028555185
v -0.0026690213 0.035274345 0.04028099
v -0.0053736833 0.036108956 -0.011299429
v -0.0053736833 0.03610896 0.023430506
v -0.0063130157 0.035190906 0.023430506
v -0.0063130157 0.035190906 0.04028099
v -0.0053736833 0.03610896 0.04028099
v -0.0053736833 0.03610896 0.023430506
v -0.0053736833 0.036108952 -0.028555185
v -0.0053736833 0.036108956 -0.011299429
v -0.0027655768 0.036131423 -0.011326536
v -0.0027655768 0.036131423 -0.02873177
v -0.0026690213 0.035274338 -0.028555185
v -0.0053736833 0.036108952 -0.028555185
v -0.002767581 0.03614922 0.040300637
v -0.002767581 0.03614922 0.023537263
v -0.0053736833 0.03610896 0.023430506
v -0.0053736833 0.03610896 0.04028099
v -0.0063130157 0.035190903 -0.011299429
v -0.0053736833 0.036108956 -0.011299429
v -0.0053736833 0.036108952 -0.028555185
v -0.0063130157 0.0351909 -0.028555185
v -0.0026690213 0.035274345 0.023430506
v -0.0026690213 0.03527434 -0.011299429
v 0 0.03527434 -0.011299429
v 0 0.035274338 -0.028555185
v 0 0.035274345 0.04028099
v 0 0.035274345 0.023430506
v 0.0049448907 0.030679654 0.023430508
v 0.0059198644 0.030596217 0.023430508
v 0.0059198644 0.030596219 0.04028099
v 0.0049448907 0.030679656 0.04028099
v 0.0034229185 0.045761626 -0.011607158
v 0.003765211 0.045004763 -0.011607158
v 0.007530422 0.0464332 -0.011607158
v 0.006845837 0.04706021 -0.011607158
v 0.006845837 0.047060214 0.024617868
v 0.007530422 0.046433207 0.024617868
v 0.003765211 0.045004766 0.024617868
v 0.0034229185 0.04576163 0.024617868
v 0.01038708 0.053330295 -0.011607158
v 0.009442799 0.053330295 -0.011607158
v 0.0027655768 0.036131423 -0.02873177
v 0.003765211 0.045004763 -0.030559957
v 0.006845837 0.04706021 -0.030559957
v 0.007530422 0.0464332 -0.030559957
v 0.0034229185 0.04576163 -0.030559957
v 0.009442799 0.0533303 0.024617871
v 0.01038708 0.0533303 0.024617871
v 0.009442799 0.05333029 -0.030559957
v 0.01038708 0.05333029 -0.030559957
v 0.009442799 0.053330295 0.040499512
v 0.01038708 0.053330295 0.040499512
v 0.007530422 0.0602274 0.04049951
v 0.006845837 0.05960039 0.04049951
v 0 0.06308427 0.040499512
v 0 0.062197547 0.040499512
v 0.002767581 0.03614922 0.023537263
v 0.0053380425 0.035274345 0.04028099
v 0.0063130157 0.035190906 0.04028099
v 0.0053736833 0.03610896 0.04028099
v 0 0.063084275 -0.030559959
v 0 0.063084275 -0.011607159
v 0.007530422 0.0602274 -0.011607159
v 0.007530422 0.060227398 -0.030559959
v 0.01038708 0.05333029 -0.030559957
v 0.01038708 0.053330295 -0.011607158
v 0.007530422 0.0464332 -0.011607158
v 0.007530422 0.0464332 -0.030559957
v 0.007530422 0.060227398 -0.030559959
v 0.007530422 0.0602274 -0.011607159
v 0.01038708 0.053330295 -0.011607158
v 0.01038708 0.05333029 -0.030559957
v 0.0027655768 0.036131423 -0.011326536
v 0.007530422 0.0464332 -0.030559957
v 0.007530422 0.0464332 -0.011607158
v 0.003765211 0.045004763 -0.011607158
v 0.003765211 0.045004763 -0.030559957
v 0 0.062197547 -0.030559959
v 0 0.063084275 -0.030559959
v 0.007530422 0.060227398 -0.030559959
v 0.006845837 0.059600387 -0.030559959
v 0.006845837 0.05960039 -0.011607159
v 0.007530422 0.0602274 -0.011607159
v 0 0.063084275 -0.011607159
v 0 0.06219755 -0.011607159
v 0 0.063084275 0.02461787
v 0 0.06308427 0.040499512
v 0.007530422 0.0602274 0.04049951
v 0.007530422 0.0602274 0.024617866
v 0.01038708 0.0533303 0.024617871
v 0.01038708 0.053330295 0.040499512
v 0.007530422 0.046433207 0.04049951
v 0.007530422 0.046433207 0.024617868
v 0.007530422 0.0602274 0.024617866
v 0.007530422 0.0602274 0.04049951
v 0.01038708 0.053330295 0.040499512
v 0.01038708 0.0533303 0.024617871
v 0.0027655768 0.036131423 -0.011326536
v 0.0027655768 0.036131423 -0.02873177
v 0.003765211 0.045004763 -0.030559957
v 0.003765211 0.045004763 -0.011607158
v 0.007530422 0.046433207 0.024617868
v 0.007530422 0.046433207 0.04049951
v 0.003765211 0.04500476 0.04049951
v 0.003765211 0.045004766 0.024617868
v 0.006845837 0.047060214 0.04049951
v 0.007530422 0.046433207 0.04049951
v 0.0034229185 0.045761626 0.04049951
v 0.003765211 0.04500476 0.04049951
v 0 0.062197555 0.02461787
v 0 0.063084275 0.02461787
v 0.007530422 0.0602274 0.024617866
v 0.006845837 0.05960039 0.024617866
v 0.002767581 0.03614922 0.040300637
v 0.002767581 0.03614922 0.023537263
v 0.003765211 0.045004766 0.024617868
v 0.003765211 0.04500476 0.04049951
v 0.002767581 0.03614922 0.040300637
v 0.0063130157 0.035190903 -0.011299429
v 0.0059198644 0.030596213 -0.011299429
v 0.0059198644 0.030596213 -0.028555183
v 0.0063130157 0.0351909 -0.028555185
v 0.0059198644 0.030596217 0.023430508
v 0.0063130157 0.035190906 0.023430506
v 0.0063130157 0.035190906 0.04028099
v 0.0059198644 0.030596219 0.04028099
v 0.0053380425 0.035274345 0.023430506
v 0.0063130157 0.035190906 0.023430506
v 0.0059198644 0.030596217 0.023430508
v 0.0049448907 0.030679654 0.023430508
v 0.0049448907 0.030679656 0.04028099
v 0.0059198644 0.030596219 0.04028099
v 0.0049448907 0.03067965 -0.011299429
v 0.0059198644 0.030596213 -0.011299429
v 0.0063130157 0.035190903 -0.011299429
v 0.0053380425 0.03527434 -0.011299429
v 0.0049448907 0.03067965 -0.028555183
v 0.0059198644 0.030596213 -0.028555183
v 0.0059198644 0.030596213 -0.011299429
v 0.0049448907 0.03067965 -0.011299429
v 0.0053380425 0.035274338 -0.028555185
v 0.0063130157 0.0351909 -0.028555185
v 0.0059198644 0.030596213 -0.028555183
v 0.0049448907 0.03067965 -0.028555183
v 0.0026690213 0.035274345 0.04028099
v 0.0053736833 0.036108956 -0.011299429
v 0.0053736833 0.03610896 0.023430506
v 0.0063130157 0.035190906 0.023430506
v 0.0053736833 0.03610896 0.023430506
v 0.0053736833 0.03610896 0.04028099
v 0.0063130157 0.035190906 0.04028099
v 0.0053736833 0.036108952 -0.028555185
v 0.0027655768 0.036131423 -0.02873177
v 0.0027655768 0.036131423 -0.011326536
v 0.0053736833 0.036108956 -0.011299429
v 0.0026690213 0.035274338 -0.028555185
v 0.0053736833 0.036108952 -0.028555185
v 0.002767581 0.03614922 0.040300637
v 0.0053736833 0.03610896 0.04028099
v 0.0053736833 0.03610896 0.023430506
v 0.002767581 0.03614922 0.023537263
v 0.0063130157 0.035190903 -0.011299429
v 0.0063130157 0.0351909 -0.028555185
v 0.0053736833 0.036108952 -0.028555185
v 0.0053736833 0.036108956 -0.011299429
v 0.0026690213 0.035274345 0.023430506
v 0.0026690213 0.03527434 -0.011299429
# 296 vertices

vn 0.08524013 -0.9963605 8.3986905E-08
vn 0.08524013 -0.9963605 8.3986905E-08
vn 0.08524013 -0.9963605 8.3986905E-08
vn 0.08524013 -0.9963605 8.3986905E-08
vn 0 8.4293696E-08 1
vn 0 8.4293696E-08 1
vn 0 8.4293696E-08 1
vn 0.002105817 0.0089421775 0.9999579
vn 0 -8.4293696E-08 -1
vn 0 -8.4293696E-08 -1
vn 0.008179098 0.034364335 -0.99937594
vn 0 -8.4293696E-08 -1
vn 0 8.4293696E-08 1
vn 0 8.4293696E-08 1
vn -0.0316479 -0.18015201 -0.98312956
vn -0.013672571 -0.05752865 -0.99825025
vn 0 -0.1358691 -0.9907268
vn 0 -0.21867196 -0.9757984
vn 0 -8.4293696E-08 -1
vn 0 -8.4293696E-08 -1
vn 0 -8.4293696E-08 -1
vn 0 -8.4293696E-08 -1
vn 0 -8.4293696E-08 -1
vn 0 -8.4293696E-08 -1
vn 0 -8.4293696E-08 -1
vn 0 8.4293696E-08 1
vn 0 8.4293696E-08 1
vn 0 8.4293696E-08 1
vn 0 8.4293696E-08 1
vn 0 8.4293696E-08 1
vn 0 8.4293696E-08 1
vn 0.019074334 0.10825058 -0.9939407
vn 0 0.08157787 -0.9966671
vn 0 0.13156588 -0.99130744
vn -0.0012207673 -0.00393689 0.99999154
vn -0.0023499944 -0.0075992486 0.9999684
vn 0 8.4293696E-08 1
vn -0.35469288 0.9349829 -7.8813166E-08
vn -0.35469288 0.9349829 -7.8813166E-08
vn -0.35469288 0.9349829 -7.8813166E-08
vn -0.35469288 0.9349829 -7.8813166E-08
vn -0.92389566 -0.3826447 3.2254537E-08
vn -0.92389566 -0.3826447 3.2254537E-08
vn -0.92389566 -0.3826447 3.2254537E-08
vn -0.92389566 -0.3826447 3.2254537E-08
vn -0.92389566 0.3826447 -3.2254537E-08
vn -0.92389566 0.3826447 -3.2254537E-08
vn -0.92389566 0.3826447 -3.2254537E-08
vn -0.92389566 0.3826447 -3.2254537E-08
vn 0.004944093 0.028138686 0.9995918
vn 0 0.03436461 0.99940944
vn 0 0.021271864 0.99977374
vn -0.35469288 -0.9349829 7.8813166E-08
vn -0.35469288 -0.9349829 7.8813166E-08
vn -0.35469288 -0.9349829 7.8813166E-08
vn -0.35469288 -0.9349829 7.8813166E-08
vn 0 -8.4293696E-08 -1
vn 0 8.4293696E-08 1
vn 0 -8.4293696E-08 -1
vn 0 -8.4293696E-08 -1
vn 0 -8.4293696E-08 -1
vn 0 -8.4293696E-08 -1
vn 0 8.4293696E-08 1
vn 0 8.4293696E-08 1
vn 0 8.4293696E-08 1
vn 0 8.4293696E-08 1
vn -0.35469288 0.9349829 -7.8813166E-08
vn -0.35469288 0.9349829 -7.8813166E-08
vn -0.35469288 0.9349829 -7.8813166E-08
vn -0.35469288 0.9349829 -7.8813166E-08
vn -0.92389566 -0.3826447 3.2254537E-08
vn -0.92389566 -0.3826447 3.2254537E-08
vn -0.92389566 -0.3826447 3.2254537E-08
vn -0.92389566 -0.3826447 3.2254537E-08
vn -0.92389566 0.3826447 -3.2254537E-08
vn -0.92389566 0.3826447 -3.2254537E-08
vn -0.92389566 0.3826447 -3.2254537E-08
vn -0.92389566 0.3826447 -3.2254537E-08
vn -0.99371475 -0.11194206 9.43601E-09
vn -0.99371475 -0.11194206 9.43601E-09
vn -0.99371475 -0.11194206 9.43601E-09
vn -0.99371475 -0.11194206 9.43601E-09
vn -0.35469288 -0.9349829 7.8813166E-08
vn -0.35469288 -0.9349829 7.8813166E-08
vn -0.35469288 -0.9349829 7.8813166E-08
vn -0.35469288 -0.9349829 7.8813166E-08
vn 0 8.4293696E-08 1
vn 0 8.4293696E-08 1
vn 0 8.4293696E-08 1
vn -0.0014954208 -0.006347825 0.9999788
vn 0 -8.4293696E-08 -1
vn 0 8.4293696E-08 1
vn 0 -0.015106699 0.9998859
vn 0 -8.4293696E-08 -1
vn 0 -8.4293696E-08 -1
vn 0 -8.4293696E-08 -1
vn 0 -8.4293696E-08 -1
vn -0.99371475 -0.11194206 9.43601E-09
vn -0.99371475 -0.11194206 9.43601E-09
vn -0.99371475 -0.11194206 9.43601E-09
vn -0.99371475 -0.11194206 9.43601E-09
vn -0.0035096533 -0.0200202 0.9997934
vn 0 -0.024414899 0.999702
vn -0.9963605 -0.08524013 7.1852058E-09
vn -0.9963605 -0.08524013 7.1852058E-09
vn -0.9963605 -0.08524013 7.1852058E-09
vn -0.9963605 -0.08524013 7.1852058E-09
vn -0.9963605 -0.08524013 7.1852058E-09
vn -0.9963605 -0.08524013 7.1852058E-09
vn -0.9963605 -0.08524013 7.1852058E-09
vn -0.9963605 -0.08524013 7.1852058E-09
vn 0.006622662 0.021485418 -0.9997473
vn 0 -8.4293696E-08 -1
vn 0 -8.4293696E-08 -1
vn 0 -8.4293696E-08 -1
vn 0 8.4293696E-08 1
vn 0 8.4293696E-08 1
vn 0 8.4293696E-08 1
vn 0.0016785417 0.0054934933 0.99998355
vn 0 8.4293696E-08 1
vn 0 8.4293696E-08 1
vn 0.04266509 -0.9990895 8.421694E-08
vn 0.028443895 -0.9995954 8.425959E-08
vn 0.08524013 -0.9963605 8.3986905E-08
vn 0.08524013 -0.9963605 8.3986905E-08
vn -0.011047711 -0.035767812 -0.99929905
vn 0 -8.4293696E-08 -1
vn 0 -8.4293696E-08 -1
vn 0 -8.4293696E-08 -1
vn -0.0019837243 -0.01846381 0.9998276
vn 0.003265579 0.010590327 0.9999386
vn 0.012756855 0.04135288 -0.99906325
vn -0.6989575 0.71516335 -6.028376E-08
vn -0.6989575 0.71516335 -6.028376E-08
vn -0.6989575 0.71516335 -6.028376E-08
vn -0.6989575 0.71516335 -6.028376E-08
vn -0.008606427 0.99996305 -8.4290576E-08
vn -0.008606427 0.99996305 -8.4290576E-08
vn -0.008606427 0.99996305 -8.4290576E-08
vn -0.008606427 0.99996305 -8.4290576E-08
vn -0.01797553 -0.16596094 -0.98596853
vn -0.021241467 -0.068821214 -0.9974029
vn -0.01544241 0.9998808 -8.428365E-08
vn -0.01544241 0.9998808 -8.428365E-08
vn -0.01544241 0.9998808 -8.428365E-08
vn -0.01544241 0.9998808 -8.428365E-08
vn -0.6989575 0.71516335 -6.028376E-08
vn -0.6989575 0.71516335 -6.028376E-08
vn -0.6989575 0.71516335 -6.028376E-08
vn -0.6989575 0.71516335 -6.028376E-08
vn 0.010803818 0.09970634 -0.99495834
vn 0.0027467392 0.025910988 0.9996605
vn 0 0.034151223 0.9994167
vn 0 -0.217328 -0.97609866
vn 0 -0.024262395 0.9997057
vn 0 0.13074416 -0.99141616
vn -0.08524013 -0.9963605 8.3986905E-08
vn -0.08524013 -0.9963605 8.3986905E-08
vn -0.08524013 -0.9963605 8.3986905E-08
vn -0.08524013 -0.9963605 8.3986905E-08
vn 0 8.4293696E-08 1
vn -0.002105817 0.0089421775 0.9999579
vn 0 8.4293696E-08 1
vn 0 8.4293696E-08 1
vn 0 -8.4293696E-08 -1
vn 0 -8.4293696E-08 -1
vn -0.008179098 0.034364335 -0.99937594
vn 0 -8.4293696E-08 -1
vn 0 8.4293696E-08 1
vn 0 8.4293696E-08 1
vn 0.0316479 -0.18015201 -0.98312956
vn 0.013672571 -0.05752865 -0.99825025
vn 0 -8.4293696E-08 -1
vn 0 -8.4293696E-08 -1
vn 0 -8.4293696E-08 -1
vn 0 -8.4293696E-08 -1
vn 0 -8.4293696E-08 -1
vn 0 -8.4293696E-08 -1
vn 0 -8.4293696E-08 -1
vn 0 8.4293696E-08 1
vn 0 8.4293696E-08 1
vn 0 8.4293696E-08 1
vn 0 8.4293696E-08 1
vn 0 8.4293696E-08 1
vn 0 8.4293696E-08 1
vn -0.019074334 0.10825058 -0.9939407
vn 0.0012207673 -0.00393689 0.99999154
vn 0 8.4293696E-08 1
vn 0.0023499944 -0.0075992486 0.9999684
vn 0.35469288 0.9349829 -7.8813166E-08
vn 0.35469288 0.9349829 -7.8813166E-08
vn 0.35469288 0.9349829 -7.8813166E-08
vn 0.35469288 0.9349829 -7.8813166E-08
vn 0.92389566 -0.3826447 3.2254537E-08
vn 0.92389566 -0.3826447 3.2254537E-08
vn 0.92389566 -0.3826447 3.2254537E-08
vn 0.92389566 -0.3826447 3.2254537E-08
vn 0.92389566 0.3826447 -3.2254537E-08
vn 0.92389566 0.3826447 -3.2254537E-08
vn 0.92389566 0.3826447 -3.2254537E-08
vn 0.92389566 0.3826447 -3.2254537E-08
vn -0.004944093 0.028138686 0.9995918
vn 0.35469288 -0.9349829 7.8813166E-08
vn 0.35469288 -0.9349829 7.8813166E-08
vn 0.35469288 -0.9349829 7.8813166E-08
vn 0.35469288 -0.9349829 7.8813166E-08
vn 0 -8.4293696E-08 -1
vn 0 -8.4293696E-08 -1
vn 0 -8.4293696E-08 -1
vn 0 -8.4293696E-08 -1
vn 0 8.4293696E-08 1
vn 0 8.4293696E-08 1
vn 0 8.4293696E-08 1
vn 0 8.4293696E-08 1
vn 0.35469288 0.9349829 -7.8813166E-08
vn 0.35469288 0.9349829 -7.8813166E-08
vn 0.35469288 0.9349829 -7.8813166E-08
vn 0.35469288 0.9349829 -7.8813166E-08
vn 0.92389566 -0.3826447 3.2254537E-08
vn 0.92389566 -0.3826447 3.2254537E-08
vn 0.92389566 -0.3826447 3.2254537E-08
vn 0.92389566 -0.3826447 3.2254537E-08
vn 0.92389566 0.3826447 -3.2254537E-08
vn 0.92389566 0.3826447 -3.2254537E-08
vn 0.92389566 0.3826447 -3.2254537E-08
vn 0.92389566 0.3826447 -3.2254537E-08
vn 0.99371475 -0.11194206 9.43601E-09
vn 0.99371475 -0.11194206 9.43601E-09
vn 0.99371475 -0.11194206 9.43601E-09
vn 0.99371475 -0.11194206 9.43601E-09
vn 0.35469288 -0.9349829 7.8813166E-08
vn 0.35469288 -0.9349829 7.8813166E-08
vn 0.35469288 -0.9349829 7.8813166E-08
vn 0.35469288 -0.9349829 7.8813166E-08
vn 0 8.4293696E-08 1
vn 0 8.4293696E-08 1
vn 0 8.4293696E-08 1
vn 0.0014954208 -0.006347825 0.9999788
vn 0 -8.4293696E-08 -1
vn 0 -8.4293696E-08 -1
vn 0 -8.4293696E-08 -1
vn 0 -8.4293696E-08 -1
vn 0.99371475 -0.11194206 9.43601E-09
vn 0.99371475 -0.11194206 9.43601E-09
vn 0.99371475 -0.11194206 9.43601E-09
vn 0.99371475 -0.11194206 9.43601E-09
vn 0.0035096533 -0.0200202 0.9997934
vn 0.9963605 -0.08524013 7.1852058E-09
vn 0.9963605 -0.08524013 7.1852058E-09
vn 0.9963605 -0.08524013 7.1852058E-09
vn 0.9963605 -0.08524013 7.1852058E-09
vn 0.9963605 -0.08524013 7.1852058E-09
vn 0.9963605 -0.08524013 7.1852058E-09
vn 0.9963605 -0.08524013 7.1852058E-09
vn 0.9963605 -0.08524013 7.1852058E-09
vn -0.006622662 0.021485418 -0.9997473
vn 0 -8.4293696E-08 -1
vn 0 -8.4293696E-08 -1
vn 0 -8.4293696E-08 -1
vn 0 8.4293696E-08 1
vn 0 8.4293696E-08 1
vn 0 8.4293696E-08 1
vn 0 8.4293696E-08 1
vn 0 8.4293696E-08 1
vn -0.0016785417 0.0054934933 0.99998355
vn -0.04266509 -0.9990895 8.421694E-08
vn -0.08524013 -0.9963605 8.3986905E-08
vn -0.08524013 -0.9963605 8.3986905E-08
vn -0.028443895 -0.9995954 8.425959E-08
vn 0.011047711 -0.035767812 -0.99929905
vn 0 -8.4293696E-08 -1
vn 0 -8.4293696E-08 -1
vn 0 -8.4293696E-08 -1
vn 0.0019837243 -0.01846381 0.9998276
vn -0.003265579 0.010590327 0.9999386
vn -0.012756855 0.04135288 -0.99906325
vn 0.6989575 0.71516335 -6.028376E-08
vn 0.6989575 0.71516335 -6.028376E-08
vn 0.6989575 0.71516335 -6.028376E-08
vn 0.6989575 0.71516335 -6.028376E-08
vn 0.008606427 0.99996305 -8.4290576E-08
vn 0.008606427 0.99996305 -8.4290576E-08
vn 0.008606427 0.99996305 -8.4290576E-08
vn 0.008606427 0.99996305 -8.4290576E-08
vn 0.01797553 -0.16596094 -0.98596853
vn 0.021241467 -0.068821214 -0.9974029
vn 0.01544241 0.9998808 -8.428365E-08
vn 0.01544241 0.9998808 -8.428365E-08
vn 0.01544241 0.9998808 -8.428365E-08
vn 0.01544241 0.9998808 -8.428365E-08
vn 0.6989575 0.71516335 -6.028376E-08
vn 0.6989575 0.71516335 -6.028376E-08
vn 0.6989575 0.71516335 -6.028376E-08
vn 0.6989575 0.71516335 -6.028376E-08
vn -0.010803818 0.09970634 -0.99495834
vn -0.0027467392 0.025910988 0.9996605
# 296 vertex normals

vt 0.41550463 -0.1682201 0
vt 0.41600007 -0.17177673 0
vt 0.41617522 -0.17180265 0
vt 0.41567975 -0.16814683 0
vt 0.407633 -0.13123146 0
vt 0.4044067 -0.13244328 0
vt 0.40429062 -0.13170847 0
vt 0.40735856 -0.13008557 0
vt 0.40832338 -0.1638392 0
vt 0.41194227 -0.16419722 0
vt 0.4120625 -0.16544631 0
vt 0.4084592 -0.16459826 0
vt 0.39870912 -0.13445204 0
vt 0.3986255 -0.13371867 0
vt 0.40932313 -0.12093069 0
vt 0.40543604 -0.11831403 0
vt 0.40960786 -0.117336944 0
vt 0.40999258 -0.12082213 0
vt 0.4013747 -0.11705387 0
vt 0.4054114 -0.11701152 0
vt 0.40136212 -0.11791624 0
vt 0.40196994 -0.16313 0
vt 0.40207356 -0.16388352 0
vt 0.394113 -0.117959365 0
vt 0.39439043 -0.118805796 0
vt 0.40099502 -0.17884116 0
vt 0.39300084 -0.17829984 0
vt 0.39327654 -0.17738146 0
vt 0.4011135 -0.17791766 0
vt 0.38424152 -0.17672822 0
vt 0.38496852 -0.1757756 0
vt 0.41549623 -0.1670551 0
vt 0.41557103 -0.16438097 0
vt 0.41594982 -0.1669943 0
vt 0.41599607 -0.17236769 0
vt 0.41604993 -0.1724714 0
vt 0.41580892 -0.17218356 0
vt 0.38012815 -0.12332386 0
vt 0.38740253 -0.120575845 0
vt 0.39302558 -0.13583134 0
vt 0.38691983 -0.13850665 0
vt 0.39439043 -0.118805796 0
vt 0.40136212 -0.11791624 0
vt 0.40429062 -0.13170847 0
vt 0.3986255 -0.13371867 0
vt 0.38740253 -0.120575845 0
vt 0.39439043 -0.118805796 0
vt 0.3986255 -0.13371867 0
vt 0.39302558 -0.13583134 0
vt 0.41021362 -0.12731665 0
vt 0.4106298 -0.12729985 0
vt 0.4110234 -0.13008198 0
vt 0.40136212 -0.11791624 0
vt 0.40543604 -0.11831403 0
vt 0.40735856 -0.13008557 0
vt 0.40429062 -0.13170847 0
vt 0.40952682 -0.1164988 0
vt 0.41110158 -0.13076097 0
vt 0.37932706 -0.12257251 0
vt 0.38699362 -0.119746625 0
vt 0.38740253 -0.120575845 0
vt 0.38012815 -0.12332386 0
vt 0.39324015 -0.1364989 0
vt 0.3878093 -0.13893425 0
vt 0.38691983 -0.13850665 0
vt 0.39302558 -0.13583134 0
vt 0.38886315 -0.16110446 0
vt 0.395786 -0.16285434 0
vt 0.39327654 -0.17738146 0
vt 0.38496852 -0.1757756 0
vt 0.40207356 -0.16388352 0
vt 0.4084592 -0.16459826 0
vt 0.408797 -0.17738645 0
vt 0.4011135 -0.17791766 0
vt 0.395786 -0.16285434 0
vt 0.40207356 -0.16388352 0
vt 0.4011135 -0.17791766 0
vt 0.39327654 -0.17738146 0
vt 0.41021362 -0.12731665 0
vt 0.40735856 -0.13008557 0
vt 0.40543604 -0.11831403 0
vt 0.40932313 -0.12093069 0
vt 0.4084592 -0.16459826 0
vt 0.4120625 -0.16544631 0
vt 0.41297984 -0.17600517 0
vt 0.408797 -0.17738645 0
vt 0.40905565 -0.17831616 0
vt 0.408797 -0.17738645 0
vt 0.41319788 -0.17739487 0
vt 0.41297984 -0.17600517 0
vt 0.41546744 -0.16368997 0
vt 0.41739655 -0.17692287 0
vt 0.41726026 -0.17606398 0
vt 0.3898375 -0.16048469 0
vt 0.39587146 -0.16213506 0
vt 0.395786 -0.16285434 0
vt 0.38886315 -0.16110446 0
vt 0.4161741 -0.17297192 0
vt 0.41297984 -0.17600517 0
vt 0.4120625 -0.16544631 0
vt 0.41549623 -0.1670551 0
vt 0.4161741 -0.17297192 0
vt 0.41672522 -0.17296049 0
vt 0.40976253 -0.12651594 0
vt 0.40913212 -0.12184121 0
vt 0.40961727 -0.12211594 0
vt 0.41013375 -0.12610236 0
vt 0.41567975 -0.16814683 0
vt 0.41617522 -0.17180265 0
vt 0.41580892 -0.17218356 0
vt 0.4152517 -0.16787444 0
vt 0.41538432 -0.16765842 0
vt 0.41550463 -0.1682201 0
vt 0.41567975 -0.16814683 0
vt 0.4152517 -0.16787444 0
vt 0.41600007 -0.17177673 0
vt 0.41617522 -0.17180265 0
vt 0.40993705 -0.12606564 0
vt 0.40996265 -0.12670843 0
vt 0.40976253 -0.12651594 0
vt 0.41013375 -0.12610236 0
vt 0.40944642 -0.122186035 0
vt 0.40993705 -0.12606564 0
vt 0.41013375 -0.12610236 0
vt 0.40961727 -0.12211594 0
vt 0.40926483 -0.121609345 0
vt 0.40944642 -0.122186035 0
vt 0.40961727 -0.12211594 0
vt 0.40913212 -0.12184121 0
vt 0.41636857 -0.17265075 0
vt 0.41003767 -0.12681817 0
vt 0.41544008 -0.16753456 0
vt 0.4152517 -0.16787444 0
vt 0.41580892 -0.17218356 0
vt 0.41604993 -0.1724714 0
vt 0.41544008 -0.16753456 0
vt 0.40930927 -0.12149325 0
vt 0.41003767 -0.12681817 0
vt 0.41021362 -0.12731665 0
vt 0.40932313 -0.12093069 0
vt 0.40951052 -0.12121798 0
vt 0.40930927 -0.12149325 0
vt 0.4161741 -0.17297192 0
vt 0.41549623 -0.1670551 0
vt 0.41544008 -0.16753456 0
vt 0.41604993 -0.1724714 0
vt 0.40976253 -0.12651594 0
vt 0.41003767 -0.12681817 0
vt 0.40930927 -0.12149325 0
vt 0.40913212 -0.12184121 0
vt 0.41561487 -0.16732216 0
vt 0.4103384 -0.12700742 0
vt 0.4105171 -0.12712227 0
vt 0.4100243 -0.12110977 0
vt 0.4165929 -0.17276414 0
vt 0.4159854 -0.16724148 0
vt 0.41672218 -0.16804093 0
vt 0.41653645 -0.16802318 0
vt 0.417119 -0.17163028 0
vt 0.41727778 -0.17155612 0
vt 0.41455975 -0.13028298 0
vt 0.41456726 -0.12912115 0
vt 0.4178844 -0.12983122 0
vt 0.41792426 -0.13056202 0
vt 0.42236516 -0.16205773 0
vt 0.42246103 -0.16280778 0
vt 0.419237 -0.16450064 0
vt 0.41899848 -0.16328797 0
vt 0.42368233 -0.13027449 0
vt 0.4237758 -0.13093932 0
vt 0.41067022 -0.12078634 0
vt 0.41385663 -0.117452204 0
vt 0.41749167 -0.115457 0
vt 0.41765866 -0.11630076 0
vt 0.41362995 -0.11619133 0
vt 0.42821676 -0.1598341 0
vt 0.42830718 -0.16052969 0
vt 0.42445138 -0.11498271 0
vt 0.42433584 -0.11581226 0
vt 0.43331626 -0.17390387 0
vt 0.43293735 -0.17309757 0
vt 0.4398958 -0.17034502 0
vt 0.44040334 -0.17106298 0
vt 0.44679722 -0.16657637 0
vt 0.44770017 -0.16701351 0
vt 0.41640598 -0.16694222 0
vt 0.41745442 -0.1721059 0
vt 0.41757536 -0.1718841 0
vt 0.4174219 -0.17222886 0
vt 0.43788612 -0.11721085 0
vt 0.4353012 -0.13163537 0
vt 0.4293133 -0.13078742 0
vt 0.4310017 -0.11614512 0
vt 0.42433584 -0.11581226 0
vt 0.42368233 -0.13027449 0
vt 0.4178844 -0.12983122 0
vt 0.41765866 -0.11630076 0
vt 0.4310017 -0.11614512 0
vt 0.4293133 -0.13078742 0
vt 0.42368233 -0.13027449 0
vt 0.42433584 -0.11581226 0
vt 0.41119012 -0.12711313 0
vt 0.41765866 -0.11630076 0
vt 0.4178844 -0.12983122 0
vt 0.41456726 -0.12912115 0
vt 0.41385663 -0.117452204 0
vt 0.43843687 -0.116642684 0
vt 0.43788612 -0.11721085 0
vt 0.4310017 -0.11614512 0
vt 0.43123102 -0.11536056 0
vt 0.42931542 -0.13140735 0
vt 0.4293133 -0.13078742 0
vt 0.4353012 -0.13163537 0
vt 0.43478188 -0.13202758 0
vt 0.43960845 -0.15481877 0
vt 0.44679722 -0.16657637 0
vt 0.4398958 -0.17034502 0
vt 0.43386695 -0.15803967 0
vt 0.42830718 -0.16052969 0
vt 0.43293735 -0.17309757 0
vt 0.42566356 -0.1748308 0
vt 0.42246103 -0.16280778 0
vt 0.43386695 -0.15803967 0
vt 0.4398958 -0.17034502 0
vt 0.43293735 -0.17309757 0
vt 0.42830718 -0.16052969 0
vt 0.41119012 -0.12711313 0
vt 0.41067022 -0.12078634 0
vt 0.41385663 -0.117452204 0
vt 0.41456726 -0.12912115 0
vt 0.42246103 -0.16280778 0
vt 0.42566356 -0.1748308 0
vt 0.4213269 -0.17474897 0
vt 0.419237 -0.16450064 0
vt 0.4257025 -0.17579795 0
vt 0.42566356 -0.1748308 0
vt 0.4215324 -0.17613132 0
vt 0.4213269 -0.17474897 0
vt 0.4387208 -0.15465005 0
vt 0.43960845 -0.15481877 0
vt 0.43386695 -0.15803967 0
vt 0.43365303 -0.15742475 0
vt 0.41742373 -0.17275074 0
vt 0.41640598 -0.16694222 0
vt 0.419237 -0.16450064 0
vt 0.4213269 -0.17474897 0
vt 0.41742373 -0.17275074 0
vt 0.4114773 -0.12625062 0
vt 0.41104043 -0.12595703 0
vt 0.41064486 -0.12199634 0
vt 0.41105193 -0.121622324 0
vt 0.41653645 -0.16802318 0
vt 0.41686627 -0.16764435 0
vt 0.41757536 -0.1718841 0
vt 0.417119 -0.17163028 0
vt 0.41667962 -0.16747804 0
vt 0.41686627 -0.16764435 0
vt 0.41653645 -0.16802318 0
vt 0.41672218 -0.16804093 0
vt 0.41727778 -0.17155612 0
vt 0.417119 -0.17163028 0
vt 0.4112291 -0.12588835 0
vt 0.41104043 -0.12595703 0
vt 0.4114773 -0.12625062 0
vt 0.4113259 -0.1264661 0
vt 0.41082504 -0.12202574 0
vt 0.41064486 -0.12199634 0
vt 0.41104043 -0.12595703 0
vt 0.4112291 -0.12588835 0
vt 0.4108737 -0.121427745 0
vt 0.41105193 -0.121622324 0
vt 0.41064486 -0.12199634 0
vt 0.41082504 -0.12202574 0
vt 0.41721776 -0.17245744 0
vt 0.41126898 -0.1265954 0
vt 0.41659242 -0.16737787 0
vt 0.41686627 -0.16764435 0
vt 0.41659242 -0.16737787 0
vt 0.4174219 -0.17222886 0
vt 0.41757536 -0.1718841 0
vt 0.41080612 -0.12132543 0
vt 0.41067022 -0.12078634 0
vt 0.41119012 -0.12711313 0
vt 0.41126898 -0.1265954 0
vt 0.41054994 -0.12110394 0
vt 0.41080612 -0.12132543 0
vt 0.41742373 -0.17275074 0
vt 0.4174219 -0.17222886 0
vt 0.41659242 -0.16737787 0
vt 0.41640598 -0.16694222 0
vt 0.4114773 -0.12625062 0
vt 0.41105193 -0.121622324 0
vt 0.41080612 -0.12132543 0
vt 0.41126898 -0.1265954 0
vt 0.4163659 -0.16722381 0
vt 0.41106004 -0.12678626 0
# 296 texture coords

usemtl Scope-mount
s 4
f 1612/1612/1612 1613/1613/1613 1614/1614/1614
f 1708/1708/1708 1697/1697/1697 1696/1696/1696
f 1689/1689/1689 1692/1692/1692 1709/1709/1709
f 1706/1706/1706 1719/1719/1719 1703/1703/1703
f 1764/1764/1764 1765/1765/1765 1766/1766/1766
f 1852/1852/1852 1842/1842/1842 1841/1841/1841
f 1833/1833/1833 1853/1853/1853 1834/1834/1834
f 1848/1848/1848 1847/1847/1847 1863/1863/1863
f 1578/1578/1578 1579/1579/1579 1580/1580/1580
f 1578/1578/1578 1580/1580/1580 1581/1581/1581
f 1582/1582/1582 1583/1583/1583 1584/1584/1584
f 1582/1582/1582 1584/1584/1584 1585/1585/1585
f 1586/1586/1586 1587/1587/1587 1588/1588/1588
f 1586/1586/1586 1588/1588/1588 1589/1589/1589
f 1583/1583/1583 1590/1590/1590 1591/1591/1591
f 1583/1583/1583 1591/1591/1591 1584/1584/1584
f 1592/1592/1592 1593/1593/1593 1594/1594/1594
f 1592/1592/1592 1594/1594/1594 1595/1595/1595
f 1596/1596/1596 1597/1597/1597 1593/1593/1593
f 1596/1596/1596 1593/1593/1593 1598/1598/1598
f 1599/1599/1599 1586/1586/1586 1589/1589/1589
f 1599/1599/1599 1589/1589/1589 1600/1600/1600
f 1601/1601/1601 1596/1596/1596 1598/1598/1598
f 1601/1601/1601 1598/1598/1598 1602/1602/1602
f 1603/1603/1603 1604/1604/1604 1605/1605/1605
f 1603/1603/1603 1605/1605/1605 1606/1606/1606
f 1604/1604/1604 1607/1607/1607 1608/1608/1608
f 1604/1604/1604 1608/1608/1608 1605/1605/1605
f 1609/1609/1609 1588/1588/1588 1610/1610/1610
f 1609/1609/1609 1610/1610/1610 1611/1611/1611
f 1615/1615/1615 1616/1616/1616 1617/1617/1617
f 1615/1615/1615 1617/1617/1617 1618/1618/1618
f 1619/1619/1619 1620/1620/1620 1621/1621/1621
f 1619/1619/1619 1621/1621/1621 1622/1622/1622
f 1623/1623/1623 1624/1624/1624 1625/1625/1625
f 1623/1623/1623 1625/1625/1625 1626/1626/1626
f 1627/1627/1627 1628/1628/1628 1629/1629/1629
f 1627/1627/1627 1629/1629/1629 1585/1585/1585
f 1630/1630/1630 1631/1631/1631 1632/1632/1632
f 1630/1630/1630 1632/1632/1632 1633/1633/1633
f 1597/1597/1597 1634/1634/1634 1594/1594/1594
f 1597/1597/1597 1594/1594/1594 1593/1593/1593
f 1635/1635/1635 1582/1582/1582 1585/1585/1585
f 1635/1635/1635 1585/1585/1585 1629/1629/1629
f 1636/1636/1636 1637/1637/1637 1638/1638/1638
f 1636/1636/1636 1638/1638/1638 1639/1639/1639
f 1637/1637/1637 1601/1601/1601 1602/1602/1602
f 1637/1637/1637 1602/1602/1602 1638/1638/1638
f 1640/1640/1640 1641/1641/1641 1642/1642/1642
f 1640/1640/1640 1642/1642/1642 1643/1643/1643
f 1590/1590/1590 1640/1640/1640 1643/1643/1643
f 1590/1590/1590 1643/1643/1643 1591/1591/1591
f 1644/1644/1644 1645/1645/1645 1646/1646/1646
f 1644/1644/1644 1646/1646/1646 1647/1647/1647
f 1648/1648/1648 1649/1649/1649 1650/1650/1650
f 1648/1648/1648 1650/1650/1650 1651/1651/1651
f 1652/1652/1652 1653/1653/1653 1654/1654/1654
f 1652/1652/1652 1654/1654/1654 1655/1655/1655
f 1656/1656/1656 1657/1657/1657 1658/1658/1658
f 1656/1656/1656 1658/1658/1658 1659/1659/1659
f 1660/1660/1660 1661/1661/1661 1662/1662/1662
f 1660/1660/1660 1662/1662/1662 1663/1663/1663
f 1664/1664/1664 1603/1603/1603 1606/1606/1606
f 1664/1664/1664 1606/1606/1606 1665/1665/1665
f 1666/1666/1666 1664/1664/1664 1665/1665/1665
f 1666/1666/1666 1665/1665/1665 1667/1667/1667
f 1587/1587/1587 1668/1668/1668 1610/1610/1610
f 1587/1587/1587 1610/1610/1610 1588/1588/1588
f 1669/1669/1669 1666/1666/1666 1667/1667/1667
f 1669/1669/1669 1667/1667/1667 1670/1670/1670
f 1671/1671/1671 1672/1672/1672 1673/1673/1673
f 1671/1671/1671 1673/1673/1673 1674/1674/1674
f 1672/1672/1672 1599/1599/1599 1600/1600/1600
f 1672/1672/1672 1600/1600/1600 1673/1673/1673
f 1675/1675/1675 1676/1676/1676 1677/1677/1677
f 1675/1675/1675 1677/1677/1677 1678/1678/1678
f 1679/1679/1679 1680/1680/1680 1670/1670/1670
f 1679/1679/1679 1670/1670/1670 1667/1667/1667
f 1681/1681/1681 1682/1682/1682 1683/1683/1683
f 1681/1681/1681 1683/1683/1683 1684/1684/1684
f 1685/1685/1685 1686/1686/1686 1687/1687/1687
f 1685/1685/1685 1687/1687/1687 1688/1688/1688
f 1689/1689/1689 1690/1690/1690 1691/1691/1691
f 1689/1689/1689 1691/1691/1691 1692/1692/1692
f 1693/1693/1693 1612/1612/1612 1614/1614/1614
f 1693/1693/1693 1614/1614/1614 1694/1694/1694
f 1695/1695/1695 1696/1696/1696 1697/1697/1697
f 1695/1695/1695 1697/1697/1697 1698/1698/1698
f 1699/1699/1699 1700/1700/1700 1701/1701/1701
f 1699/1699/1699 1701/1701/1701 1702/1702/1702
f 1703/1703/1703 1704/1704/1704 1705/1705/1705
f 1703/1703/1703 1705/1705/1705 1706/1706/1706
f 1679/1679/1679 1613/1613/1613 1612/1612/1612
f 1679/1679/1679 1612/1612/1612 1707/1707/1707
f 1710/1710/1710 1711/1711/1711 1712/1712/1712
f 1710/1710/1710 1712/1712/1712 1713/1713/1713
f 1714/1714/1714 1715/1715/1715 1716/1716/1716
f 1714/1714/1714 1716/1716/1716 1717/1717/1717
f 1718/1718/1718 1703/1703/1703 1719/1719/1719
f 1718/1718/1718 1719/1719/1719 1592/1592/1592
f 1720/1720/1720 1721/1721/1721 1722/1722/1722
f 1720/1720/1720 1722/1722/1722 1723/1723/1723
f 1724/1724/1724 1725/1725/1725 1726/1726/1726
f 1724/1724/1724 1726/1726/1726 1727/1727/1727
f 1728/1728/1728 1689/1689/1689 1709/1709/1709
f 1728/1728/1728 1709/1709/1709 1609/1609/1609
f 1729/1729/1729 1730/1730/1730 1628/1628/1628
f 1729/1729/1729 1628/1628/1628 1627/1627/1627
f 1718/1718/1718 1592/1592/1592 1595/1595/1595
f 1718/1718/1718 1595/1595/1595 1731/1731/1731
f 1707/1707/1707 1732/1732/1732 1680/1680/1680
f 1707/1707/1707 1680/1680/1680 1679/1679/1679
f 1708/1708/1708 1696/1696/1696 1729/1729/1729
f 1708/1708/1708 1729/1729/1729 1627/1627/1627
f 1728/1728/1728 1609/1609/1609 1611/1611/1611
f 1728/1728/1728 1611/1611/1611 1733/1733/1733
f 1734/1734/1734 1735/1735/1735 1736/1736/1736
f 1734/1734/1734 1736/1736/1736 1737/1737/1737
f 1738/1738/1738 1739/1739/1739 1740/1740/1740
f 1738/1738/1738 1740/1740/1740 1741/1741/1741
f 1742/1742/1742 1743/1743/1743 1744/1744/1744
f 1742/1742/1742 1744/1744/1744 1745/1745/1745
f 1741/1741/1741 1740/1740/1740 1746/1746/1746
f 1741/1741/1741 1746/1746/1746 1747/1747/1747
f 1748/1748/1748 1595/1595/1595 1594/1594/1594
f 1748/1748/1748 1594/1594/1594 1749/1749/1749
f 1750/1750/1750 1751/1751/1751 1749/1749/1749
f 1750/1750/1750 1749/1749/1749 1752/1752/1752
f 1753/1753/1753 1754/1754/1754 1743/1743/1743
f 1753/1753/1753 1743/1743/1743 1742/1742/1742
f 1755/1755/1755 1756/1756/1756 1751/1751/1751
f 1755/1755/1755 1751/1751/1751 1750/1750/1750
f 1757/1757/1757 1758/1758/1758 1759/1759/1759
f 1757/1757/1757 1759/1759/1759 1760/1760/1760
f 1760/1760/1760 1759/1759/1759 1761/1761/1761
f 1760/1760/1760 1761/1761/1761 1762/1762/1762
f 1763/1763/1763 1611/1611/1611 1610/1610/1610
f 1763/1763/1763 1610/1610/1610 1744/1744/1744
f 1767/1767/1767 1768/1768/1768 1769/1769/1769
f 1767/1767/1767 1769/1769/1769 1770/1770/1770
f 1771/1771/1771 1772/1772/1772 1773/1773/1773
f 1771/1771/1771 1773/1773/1773 1774/1774/1774
f 1775/1775/1775 1776/1776/1776 1777/1777/1777
f 1775/1775/1775 1777/1777/1777 1778/1778/1778
f 1779/1779/1779 1739/1739/1739 1629/1629/1629
f 1779/1779/1779 1629/1629/1629 1628/1628/1628
f 1780/1780/1780 1781/1781/1781 1782/1782/1782
f 1780/1780/1780 1782/1782/1782 1783/1783/1783
f 1752/1752/1752 1749/1749/1749 1594/1594/1594
f 1752/1752/1752 1594/1594/1594 1634/1634/1634
f 1635/1635/1635 1629/1629/1629 1739/1739/1739
f 1635/1635/1635 1739/1739/1739 1738/1738/1738
f 1784/1784/1784 1785/1785/1785 1786/1786/1786
f 1784/1784/1784 1786/1786/1786 1787/1787/1787
f 1787/1787/1787 1786/1786/1786 1756/1756/1756
f 1787/1787/1787 1756/1756/1756 1755/1755/1755
f 1788/1788/1788 1789/1789/1789 1790/1790/1790
f 1788/1788/1788 1790/1790/1790 1791/1791/1791
f 1747/1747/1747 1746/1746/1746 1789/1789/1789
f 1747/1747/1747 1789/1789/1789 1788/1788/1788
f 1792/1792/1792 1793/1793/1793 1794/1794/1794
f 1792/1792/1792 1794/1794/1794 1795/1795/1795
f 1796/1796/1796 1797/1797/1797 1798/1798/1798
f 1796/1796/1796 1798/1798/1798 1799/1799/1799
f 1800/1800/1800 1801/1801/1801 1802/1802/1802
f 1800/1800/1800 1802/1802/1802 1803/1803/1803
f 1804/1804/1804 1805/1805/1805 1806/1806/1806
f 1804/1804/1804 1806/1806/1806 1807/1807/1807
f 1808/1808/1808 1809/1809/1809 1810/1810/1810
f 1808/1808/1808 1810/1810/1810 1811/1811/1811
f 1812/1812/1812 1813/1813/1813 1758/1758/1758
f 1812/1812/1812 1758/1758/1758 1757/1757/1757
f 1814/1814/1814 1815/1815/1815 1813/1813/1813
f 1814/1814/1814 1813/1813/1813 1812/1812/1812
f 1745/1745/1745 1744/1744/1744 1610/1610/1610
f 1745/1745/1745 1610/1610/1610 1668/1668/1668
f 1669/1669/1669 1670/1670/1670 1815/1815/1815
f 1669/1669/1669 1815/1815/1815 1814/1814/1814
f 1816/1816/1816 1817/1817/1817 1818/1818/1818
f 1816/1816/1816 1818/1818/1818 1819/1819/1819
f 1819/1819/1819 1818/1818/1818 1754/1754/1754
f 1819/1819/1819 1754/1754/1754 1753/1753/1753
f 1820/1820/1820 1821/1821/1821 1822/1822/1822
f 1820/1820/1820 1822/1822/1822 1823/1823/1823
f 1824/1824/1824 1815/1815/1815 1670/1670/1670
f 1824/1824/1824 1670/1670/1670 1680/1680/1680
f 1825/1825/1825 1826/1826/1826 1827/1827/1827
f 1825/1825/1825 1827/1827/1827 1828/1828/1828
f 1829/1829/1829 1830/1830/1830 1831/1831/1831
f 1829/1829/1829 1831/1831/1831 1832/1832/1832
f 1833/1833/1833 1834/1834/1834 1835/1835/1835
f 1833/1833/1833 1835/1835/1835 1836/1836/1836
f 1837/1837/1837 1838/1838/1838 1765/1765/1765
f 1837/1837/1837 1765/1765/1765 1764/1764/1764
f 1839/1839/1839 1840/1840/1840 1841/1841/1841
f 1839/1839/1839 1841/1841/1841 1842/1842/1842
f 1843/1843/1843 1844/1844/1844 1845/1845/1845
f 1843/1843/1843 1845/1845/1845 1846/1846/1846
f 1847/1847/1847 1848/1848/1848 1849/1849/1849
f 1847/1847/1847 1849/1849/1849 1850/1850/1850
f 1824/1824/1824 1851/1851/1851 1764/1764/1764
f 1824/1824/1824 1764/1764/1764 1766/1766/1766
f 1854/1854/1854 1855/1855/1855 1856/1856/1856
f 1854/1854/1854 1856/1856/1856 1857/1857/1857
f 1858/1858/1858 1859/1859/1859 1860/1860/1860
f 1858/1858/1858 1860/1860/1860 1861/1861/1861
f 1862/1862/1862 1748/1748/1748 1863/1863/1863
f 1862/1862/1862 1863/1863/1863 1847/1847/1847
f 1864/1864/1864 1865/1865/1865 1866/1866/1866
f 1864/1864/1864 1866/1866/1866 1867/1867/1867
f 1868/1868/1868 1869/1869/1869 1870/1870/1870
f 1868/1868/1868 1870/1870/1870 1871/1871/1871
f 1872/1872/1872 1763/1763/1763 1853/1853/1853
f 1872/1872/1872 1853/1853/1853 1833/1833/1833
f 1873/1873/1873 1779/1779/1779 1628/1628/1628
f 1873/1873/1873 1628/1628/1628 1730/1730/1730
f 1862/1862/1862 1731/1731/1731 1595/1595/1595
f 1862/1862/1862 1595/1595/1595 1748/1748/1748
f 1851/1851/1851 1824/1824/1824 1680/1680/1680
f 1851/1851/1851 1680/1680/1680 1732/1732/1732
f 1852/1852/1852 1779/1779/1779 1873/1873/1873
f 1852/1852/1852 1873/1873/1873 1842/1842/1842
f 1872/1872/1872 1733/1733/1733 1611/1611/1611
f 1872/1872/1872 1611/1611/1611 1763/1763/1763
#224 polygons

g Object_7

#
# object Object_7
#

v 0 0.06961928 0.14324251
v -0.011547952 0.064848356 0.14324251
v 0 0.05333029 0.1436571
v -0.015928658 0.05333029 0.14324251
v -0.011547952 0.041812267 0.14324251
v -0.005773976 0.03942679 0.14324251
v 0 0.03704131 0.14324251
v 0.011547952 0.064848356 0.14324251
v 0.015928658 0.05333029 0.14324251
v 0.011547952 0.041812267 0.14324251
v 0.005773976 0.03942679 0.14324251
# 11 vertices

vn 0 0.02542232 0.9996768
vn -0.01815876 0.017731577 0.9996779
vn 0 8.4293696E-08 1
vn -0.026002502 8.4265196E-08 0.9996619
vn -0.01815876 -0.01773141 0.9996779
vn -0.010498561 -0.025422303 0.99962175
vn 0 -0.025422152 0.9996768
vn 0.01815876 0.017731577 0.9996779
vn 0.026002502 8.4265196E-08 0.9996619
vn 0.01815876 -0.01773141 0.9996779
vn 0.010498561 -0.025422303 0.99962175
# 11 vertex normals

vt 0.6073972 -0.43947777 0
vt 0.62081087 -0.45129147 0
vt 0.5998566 -0.46165574 0
vt 0.6215167 -0.4688648 0
vt 0.61040723 -0.48259866 0
vt 0.60142505 -0.48359442 0
vt 0.5922313 -0.4840827 0
vt 0.58956254 -0.44066694 0
vt 0.5782913 -0.454168 0
vt 0.5787269 -0.47182715 0
vt 0.5852406 -0.4780916 0
# 11 texture coords

usemtl Front-glass
s 8
f 1874/1874/1874 1875/1875/1875 1876/1876/1876
f 1875/1875/1875 1877/1877/1877 1876/1876/1876
f 1877/1877/1877 1878/1878/1878 1876/1876/1876
f 1878/1878/1878 1879/1879/1879 1876/1876/1876
f 1879/1879/1879 1880/1880/1880 1876/1876/1876
f 1874/1874/1874 1876/1876/1876 1881/1881/1881
f 1881/1881/1881 1876/1876/1876 1882/1882/1882
f 1882/1882/1882 1876/1876/1876 1883/1883/1883
f 1883/1883/1883 1876/1876/1876 1884/1884/1884
f 1884/1884/1884 1876/1876/1876 1880/1880/1880
#10 polygons

g Object_8

#
# object Object_8
#

v 0 0.06695085 -0.10898559
v 0 0.053330343 -0.10898495
v -0.010515558 0.06296148 -0.10898559
v -0.0145046245 0.05333029 -0.10898559
v -0.010515558 0.043699123 -0.10898558
v 0 0.039709747 -0.10898558
v -0.005257779 0.041704435 -0.10898558
v 0.010515558 0.06296148 -0.10898559
v 0.0145046245 0.05333029 -0.10898559
v 0.010515558 0.043699123 -0.10898558
v 0.005257779 0.041704435 -0.10898558
# 11 vertices

vn 0 -3.06028E-05 -1
vn 0 -8.4293696E-08 -1
vn 3.051851E-05 -3.06028E-05 -1
vn 3.051851E-05 -8.4293696E-08 -1
vn 3.051851E-05 3.0434216E-05 -1
vn 0 3.0434216E-05 -1
vn 0 3.0434216E-05 -1
vn -3.051851E-05 -3.06028E-05 -1
vn -3.051851E-05 -8.4293696E-08 -1
vn -3.051851E-05 3.0434216E-05 -1
vn 0 3.0434216E-05 -1
# 11 vertex normals

vt 0.5000149 -0.9691299 0
vt 0.5000149 -0.5000572 0
vt 0.86215705 -0.8317412 0
vt 0.99953544 -0.5000554 0
vt 0.86215705 -0.16837049 0
vt 0.5000149 -0.030981421 0
vt 0.68108594 -0.099675894 0
vt 0.13787293 -0.8317412 0
vt 0.0004943609 -0.5000554 0
vt 0.13787293 -0.16837049 0
vt 0.31894386 -0.099675894 0
# 11 texture coords

usemtl Back-glass
s 16
f 1885/1885/1885 1886/1886/1886 1887/1887/1887
f 1886/1886/1886 1888/1888/1888 1887/1887/1887
f 1888/1888/1888 1886/1886/1886 1889/1889/1889
f 1886/1886/1886 1890/1890/1890 1891/1891/1891
f 1889/1889/1889 1886/1886/1886 1891/1891/1891
f 1885/1885/1885 1892/1892/1892 1886/1886/1886
f 1886/1886/1886 1892/1892/1892 1893/1893/1893
f 1893/1893/1893 1894/1894/1894 1886/1886/1886
f 1886/1886/1886 1895/1895/1895 1890/1890/1890
f 1894/1894/1894 1895/1895/1895 1886/1886/1886
#10 polygons

